id,text,label,Comments
10683,"磨润了棱角,琐碎掩盖了锋芒,也许生活就是这样希望这首歌带大家找回没成熟的自己###姐姐会唱多唱点，好好听",期待,
10686,"磨润了棱角,琐碎掩盖了锋芒,也许生活就是这样希望这首歌带大家找回没成熟的自己###姐姐唱歌也好好听！希望我们都能找回纯真的自己让自己变得更好",感动,
10689,"磨润了棱角,琐碎掩盖了锋芒,也许生活就是这样希望这首歌带大家找回没成熟的自己###你好，你感兴趣的打开生活的正确方式已开通了超话社区超话社区是微博旗下兴趣互动社区，快来与志同道合的小伙伴们一起交流互动吧！戳我进入打开生活的正确方式",肯定,
10690,"磨润了棱角,琐碎掩盖了锋芒,也许生活就是这样希望这首歌带大家找回没成熟的自己###头一次知道姐姐居然这么会唱歌！！最近的单曲循环有了[开学季][开学季]",感动,
10692,"磨润了棱角,琐碎掩盖了锋芒,也许生活就是这样希望这首歌带大家找回没成熟的自己###姐姐也太有气质了吧，真的爱死啦，唱歌也真的太好听了，多唱一点呀",期待,
10695,"磨润了棱角,琐碎掩盖了锋芒,也许生活就是这样希望这首歌带大家找回没成熟的自己###希望我们出走半生，归来都能仍如少年找到自己最纯真的模样",期待,
10698,"磨润了棱角,琐碎掩盖了锋芒,也许生活就是这样希望这首歌带大家找回没成熟的自己###我真的超级喜欢这首歌姐姐声音也太好听了吧[彩虹屁][彩虹屁]",肯定,
10701,"磨润了棱角,琐碎掩盖了锋芒,也许生活就是这样希望这首歌带大家找回没成熟的自己###姐姐姐姐[哇][哇][哇]哇",期待,
10704,虞书欣感染到老外###不喜欢，就别看，别勉强自己，也别去骂别人喜欢的人，不喜欢还要看，这不是给自己找虐呢？,警惕,
10707,虞书欣感染到老外###这是什么时候的,担心,
10710,虞书欣感染到老外###好可爱,肯定,
10713,虞书欣感染到老外###老外怎么了很骄傲吗？,厌恶,
10716,虞书欣感染到老外###好可愛,高兴,
10719,"芒果播放量破3亿,再来速通一波四季城[666]###恭喜呀期待电影和羊守7！！",高兴,
10720,"芒果播放量破3亿,再来速通一波四季城[666]###恭喜[赢牛奶]",高兴,
10722,"芒果播放量破3亿,再来速通一波四季城[666]###恭喜喜灰",高兴,
10725,"芒果播放量破3亿,再来速通一波四季城[666]###恭喜喜灰趁着还是免费，未来4天都会一直刷",高兴,
10728,"芒果播放量破3亿,再来速通一波四季城[666]###好看好看好看，期待下一部！",期待,
10731,"芒果播放量破3亿,再来速通一波四季城[666]###恭喜喜灰",肯定,
10734,"芒果播放量破3亿,再来速通一波四季城[666]###冲冲冲，恭喜！[哇]",期待,
10737,"芒果播放量破3亿,再来速通一波四季城[666]###下一季可以探索宇宙嘛[][][]",期待,
10740,"头型的新生儿,这不一活脱脱的大冬瓜吗###没事，一个月就消下去，产道挤缺氧导致的。",肯定,
10743,"头型的新生儿,这不一活脱脱的大冬瓜吗###我儿子刚出生也基本这样的，会恢复正常。",肯定,
10746,"头型的新生儿,这不一活脱脱的大冬瓜吗###肚子里挤的，问题不大",担心,
10749,"头型的新生儿,这不一活脱脱的大冬瓜吗###这个不是挤的吗？我儿子刚出来也是被我挤了这样后面过不久就好了啊",担心,
10752,"头型的新生儿,这不一活脱脱的大冬瓜吗###小编缺乏专业知识",愤怒,
10755,"头型的新生儿,这不一活脱脱的大冬瓜吗###真能挤得这么长啊？",惊讶,
10758,早班回去喝点热乎的注意保暖呀###王玉雯咦？今天不吃饺子吗？[喵喵]王玉雯@王玉雯,惊讶,
10761,早班回去喝点热乎的注意保暖呀###看狂飙了嘛小雯,期待,
10764,早班回去喝点热乎的注意保暖呀###懂了凑数的是不是,无聊,
10767,早班回去喝点热乎的注意保暖呀###这是新烫的卷发吗没见过小雯这个发型，好米,肯定,
10770,早班回去喝点热乎的注意保暖呀###我冷！我能不能回你家喝你的奶茶[喵喵],期待,
10773,早班回去喝点热乎的注意保暖呀###雯儿也要注意保暖哦！今天是粉色的,担心,
10776,早班回去喝点热乎的注意保暖呀###最近这是进山了？信号感觉不咋样呀,担心,
10779,【2月3日 山东烟台 狗狗身上被铁丝勒出血肉 女子发社交媒体求助才一天好心人就来了###不爱请别伤害，温柔以待每一个生命,感动,
10782,【2月3日 山东烟台 狗狗身上被铁丝勒出血肉 女子发社交媒体求助才一天好心人就来了###某些东西没准备好当人就别来地球,厌恶,
10785,【2月3日 山东烟台 狗狗身上被铁丝勒出血肉 女子发社交媒体求助才一天好心人就来了###见不得这些,担心,
10788,【2月3日 山东烟台 狗狗身上被铁丝勒出血肉 女子发社交媒体求助才一天好心人就来了###小狗好可怜,担心,
10790,【2月3日 山东烟台 狗狗身上被铁丝勒出血肉 女子发社交媒体求助才一天好心人就来了###这样的人绝对心理变态,厌恶,
10791,【2月3日 山东烟台 狗狗身上被铁丝勒出血肉 女子发社交媒体求助才一天好心人就来了###谁这么残忍,愤怒,
10794,【2月3日 山东烟台 狗狗身上被铁丝勒出血肉 女子发社交媒体求助才一天好心人就来了###其实人类比魔鬼更可怕,愤怒,
10797,【2月3日 山东烟台 狗狗身上被铁丝勒出血肉 女子发社交媒体求助才一天好心人就来了###好心疼狗狗啊，它忍受着巨疼还要装作若无其事的样子在街头觅食。,担心,
10800,骗了这么多年原来某知名主播君克瑞雯不会玩瑞雯锐神瑞雯###这一定要要去对待啊，怎么会这样啊，太真实了吧,惊讶,
10803,骗了这么多年原来某知名主播君克瑞雯不会玩瑞雯锐神瑞雯###这啥情况啊，虽然我不懂但骗人真的不太好啊,悲伤,
10806,骗了这么多年原来某知名主播君克瑞雯不会玩瑞雯锐神瑞雯###他没有骗人因为他叫君克解说[],厌恶,
10809,骗了这么多年原来某知名主播君克瑞雯不会玩瑞雯锐神瑞雯###吊的一比,愤怒,
10812,骗了这么多年原来某知名主播君克瑞雯不会玩瑞雯锐神瑞雯###所以为什么会叫这个名字，能不能管一管了,厌恶,
10815,骗了这么多年原来某知名主播君克瑞雯不会玩瑞雯锐神瑞雯###俩卧龙凤雏,无聊,
10818,继续学习呀英国伦敦###[送花花]老婆来伦敦了！！！欢迎来我们学校参观（不是,高兴,
10820,继续学习呀英国伦敦###世上有4种辣，微辣，中辣，变态辣和老婆我来辣,期待,
10821,继续学习呀英国伦敦###帽子看起来很防晒,肯定,
10824,继续学习呀英国伦敦###老婆去干嘛啦,搞笑,
10827,继续学习呀英国伦敦###姐，回海哥老家了吗,期待,
10830,继续学习呀英国伦敦###哈哈哈帽子不错[],高兴,
10833,继续学习呀英国伦敦###姐姐怎么不带强强一起去强强好伤心,搞笑,
10836,继续学习呀英国伦敦###下次带上我,期待,
10839,哆啦梦吃惊###这叫声我以为坐过山车呢原来是炒奶油啊,惊讶,
10842,哆啦梦吃惊###吗的还等着翻面呢,搞笑,
10845,哆啦梦吃惊###终于知道奶油怎么叫的了,搞笑,
10848,哆啦梦吃惊###奶油请把我放回超市货架，我宁愿待在哪里,搞笑,
10851,哆啦梦吃惊###我让邻居家把鸡杀了，你上,搞笑,
10854,哆啦梦吃惊###第一次听到奶油叫,惊讶,
10857,哆啦梦吃惊###您好，恭喜您的视频荣登视频飙升榜，搞笑领域第20名，榜单可在【发现页视频视频飙升榜】中展示您的上榜信息，榜单小时级更新请尽快查看哦快来查看分享你的上榜视频吧榜单戳》,搞笑,
10860,《与君初相识恰似故人归》###长意，早安[心动超崽],肯定,
10863,《与君初相识恰似故人归》###长意，纯朴与真诚在任何时代总是合时宜的[2023],肯定,
10866,《与君初相识恰似故人归》###早安纪云禾[兔子][兔子][兔子],肯定,
10869,《与君初相识恰似故人归》###长意早安任嘉伦@任嘉伦,肯定,
10870,《与君初相识恰似故人归》###长意绝美,肯定,
10872,《与君初相识恰似故人归》###长意，我想你了任嘉伦@任嘉伦,期待,
10875,《与君初相识恰似故人归》###早上好[报税]纪云禾！万花谷护法纪云禾我可是最强的御灵师乖摸摸头就不疼了今夜过此崖者，诛！,期待,
10878,组图:#罗云熙#颜值绝了###翩若惊鸿，婉若游龙。荣曜秋菊，华茂春松。罗云熙@罗云熙,肯定,
10880,组图:#罗云熙#颜值绝了###一眼惊艳,肯定,
10881,组图:#罗云熙#颜值绝了###期待罗云熙[哇],期待,
10884,组图:#罗云熙#颜值绝了###好帅，娃娃啊,肯定,
10887,组图:#罗云熙#颜值绝了###这也太好看了吧,肯定,
10890,组图:#罗云熙#颜值绝了###天啊看他我好像在看漫画,肯定,
10893,组图:#罗云熙#颜值绝了###仙君仙君,期待,
10896,定期修剪过长的睫毛谁羡慕了?###因为风沙大，自然进化,无所谓,
10899,定期修剪过长的睫毛谁羡慕了?###这剪的手艺不行啊,厌恶,
10900,定期修剪过长的睫毛谁羡慕了?###我羡慕的何止是睫毛啊,肯定,
10902,定期修剪过长的睫毛谁羡慕了?###会越剪越长吗,担心,
10905,定期修剪过长的睫毛谁羡慕了?###乌突突美你2617@乌突突美你2617[]羡慕不？,惊讶,
10908,定期修剪过长的睫毛谁羡慕了?###多少有点不知好歹[苦涩],厌恶,
10910,定期修剪过长的睫毛谁羡慕了?###妮抠妮抠@妮抠妮抠我嫉妒,肯定,
10911,定期修剪过长的睫毛谁羡慕了?###这程度，剪完还需要打薄吧,警惕,
10914,定期修剪过长的睫毛谁羡慕了?###本能咸鱼@本能咸鱼,,
10917,萌兔闹元宵###苏甜甜你看我做的好不好看,期待,
10920,萌兔闹元宵###这个发型全是苏苏自己的真发吗？还有这个小风车是不是遇到风就会转的呀，感觉小时候经常见到,肯定,
10923,萌兔闹元宵###说得好我要去找苏甜甜团圆了[哇],搞笑,
10926,萌兔闹元宵###元宵快乐，汤圆吃咸的还是甜的？,期待,
10929,萌兔闹元宵###是谁家的小兔呀！是我家小兔呀,高兴,
10932,萌兔闹元宵###快快进组,期待,
10935,萌兔闹元宵###苏苏，有件事情要告诉你，我最近报名了男生女生向前冲，但是节目组拒绝了我，负责人告诉我说我不是男生也不是女生，是为而生[喵喵][喵喵],搞笑,
10938,该不该摸鱼了###在的美女[老师好],搞笑,
10941,该不该摸鱼了###斯哈斯哈你是要美死我是吧,肯定,
10944,该不该摸鱼了###制服诱惑迈？,惊讶,
10947,该不该摸鱼了###愈发像我在蓝鸟上看的东西了（）,期待,
10950,该不该摸鱼了###在？看看制服包着的,搞笑,
10953,该不该摸鱼了###又是被暴击的一天,担心,
10956,六点六彪彪别凶人家嘛[心动超崽]###哎呦，不过是小情侣的把戏罢了[],警惕,
10959,六点六彪彪别凶人家嘛[心动超崽]###我的妈呀你俩这样我害怕[老师好],担心,
10962,六点六彪彪别凶人家嘛[心动超崽]###哎呦你俩[],搞笑,
10965,六点六彪彪别凶人家嘛[心动超崽]###请问你很会让龙至彪尴尬吗？,厌恶,
10968,六点六彪彪别凶人家嘛[心动超崽]###玛雅大哥你,惊讶,
10971,六点六彪彪别凶人家嘛[心动超崽]###你俩别太荒谬,搞笑,
10974,六点六彪彪别凶人家嘛[心动超崽]###六宝你等等人家嘛[污],搞笑,
10977,哆啦梦吃惊###没有参照物，而且好像已经拉镜头了,警惕,
10980,哆啦梦吃惊###是不是好久没去水族馆了。。。,悲伤,
10983,哆啦梦吃惊###真他妈大另外的节奏好耳熟，是出自夺宝奇兵吗？,惊讶,
10986,哆啦梦吃惊###好多海洋生物的个头都挺大的大海里的能量充足啊,无所谓,
10989,哆啦梦吃惊###成龙来了,期待,
10990,哆啦梦吃惊###不如大,无聊,
10992,哆啦梦吃惊###好像是姥鲨,肯定,
10995,九宫格马上就要装不下了###马上就又到马年了[彩虹屁],期待,
10998,九宫格马上就要装不下了###呜呜呜,悲伤,
11001,九宫格马上就要装不下了###好快，马上就十年了,惊讶,
11004,九宫格马上就要装不下了###今年已经发了[笑],搞笑,
11007,九宫格马上就要装不下了###很快就凑满十二生肖了[哇][哇][哇],期待,
11010,九宫格马上就要装不下了###再挤挤，总是有地的,肯定,
11013,海底游鱼群比较深###感觉今天浪挺大的啊,惊讶,
11016,海底游鱼群比较深###艾文的童年真是太幸福了,感动,
11019,海底游鱼群比较深###好美啊[玉兔捣药][玉兔捣药],肯定,
11020,海底游鱼群比较深###神奇又炫美,肯定,
11022,海底游鱼群比较深###真心羡慕,期待,
11025,海底游鱼群比较深###让我想起了三年前疫情发生的那年春节在科隆潜水，记忆犹新,感动,
11028,春春电影种草计划###看球2时有段丫丫叫爸爸，结果旁边一堆小孩跟着爸爸爸爸，那一刻我无比震惊,惊讶,
11030,春春电影种草计划###那完全吵的看不了电影，还不如在家看电视[][][],厌恶,
11031,春春电影种草计划###根源还是电影不分级。什么电影小朋友都能看。,愤怒,
11034,春春电影种草计划###不会吵得听不见电影的生意吗,愤怒,
11037,春春电影种草计划###有些影院早就有了,无聊,
11040,春春电影种草计划###20的熊孩子能去吗[微笑],厌恶,
11043,春春电影种草计划###成都武侯万达影院有,无所谓,
11046,春春电影种草计划###潮汕鬼子@潮汕鬼子睡不醒的耗砸@睡不醒的耗砸来个阿姨厅,,
11049,昂纳多和19岁现女友在2003年的合照###咋不放97年的，那时候她妈可能还是个高中生[笑],搞笑,
11052,昂纳多和19岁现女友在2003年的合照###他不会比他岳父还大吧,惊讶,
11055,昂纳多和19岁现女友在2003年的合照###操。。19岁女友和我一般大。。代入一下就是我和四十多岁大叔谈恋爱。。捏妈啊啊啊啊啊啊,警惕,
11058,昂纳多和19岁现女友在2003年的合照###他都可以生一个比他女友大的,厌恶,
11061,昂纳多和19岁现女友在2003年的合照###嘴对嘴,搞笑,
11064,昂纳多和19岁现女友在2003年的合照###啥，又换了，还停留在和,惊讶,
11067,讨厌学校这种花里胡哨的###我朋友告诉我，这场面真实的目地是卖书,警惕,
11070,讨厌学校这种花里胡哨的###太尴尬了，我无地自容,厌恶,
11073,讨厌学校这种花里胡哨的###该打的时候绝不手软！该惹爸妈生气时绝不认错！总结一下感动别人！,无所谓,
11076,讨厌学校这种花里胡哨的###没让下跪洗脚已经很不错了！,肯定,
11079,讨厌学校这种花里胡哨的###好呀朋友！以前加你的没备注忘记你是那个朋友了来来聊聊,无所谓,
11080,讨厌学校这种花里胡哨的###这是典型的形式主义,厌恶,
11082,讨厌学校这种花里胡哨的###10几年前我们学校找来个人讲师把我们说的哭的稀里哗啦，集体把去网吧的网卡折了，发誓再也不去了。第二天花10块钱又办一张,无所谓,
11085,讨厌学校这种花里胡哨的###然后开始卖书。,无所谓,
11088,王欣瑜在华欣度过了愉快的一周###小海豚奖杯太可爱了,高兴,
11091,王欣瑜在华欣度过了愉快的一周###哈哈哈，和照片同款截图！加油加油，大笑杀四方！,高兴,
11094,王欣瑜在华欣度过了愉快的一周####朱琳首夺单打冠军#下一站继续加油,期待,
11097,王欣瑜在华欣度过了愉快的一周###很好奇这个迷你版的冠军奖杯有多重,肯定,
11100,王欣瑜在华欣度过了愉快的一周###厉害了新年第一冠，级别人生的第一冠，儿子说，他是你的球迷！,肯定,
11103,王欣瑜在华欣度过了愉快的一周###哇！这个小版的奖杯超棒！,肯定,
11106,王欣瑜在华欣度过了愉快的一周###未来可期，冲鸭,期待,
11109,幂原来拿过这么多奖啊?这成绩什么水平啊?###真正有含金量的一个也没有。。。印象中倒是拿了几次金扫帚,无聊,
11110,幂原来拿过这么多奖啊?这成绩什么水平啊?###可能是起到一个造型上的作用吧。,无聊,
11112,幂原来拿过这么多奖啊?这成绩什么水平啊?###金扫帚拿了多少？,无聊,
11115,幂原来拿过这么多奖啊?这成绩什么水平啊?###确实不如赵丽颖,厌恶,
11118,幂原来拿过这么多奖啊?这成绩什么水平啊?###很优秀放在当红任何一家都吹爆的水平，期待新戏,期待,
11120,幂原来拿过这么多奖啊?这成绩什么水平啊?###自娱自乐，评上的那一刻就清楚奖项没公信力了。,无聊,
11121,幂原来拿过这么多奖啊?这成绩什么水平啊?###休斯顿影后,肯定,
11124,幂原来拿过这么多奖啊?这成绩什么水平啊?###有正儿八经作品吗,无聊,
11127,澳大利亚发现巨型海蟾<unk>重达27公斤###任何野生动物到澳大利亚最终都能泛滥,愤怒,
11130,澳大利亚发现巨型海蟾<unk>重达27公斤###够一个人舔几年[],厌恶,
11133,澳大利亚发现巨型海蟾<unk>重达27公斤###澳洲全是毒物,厌恶,
11136,澳大利亚发现巨型海蟾<unk>重达27公斤###为啥中国的那么小,厌恶,
11139,澳大利亚发现巨型海蟾<unk>重达27公斤###这一只就可以做一份干锅[]还是大份的,期待,
11142,澳大利亚发现巨型海蟾<unk>重达27公斤###这尼玛如果能吃，动保婊们早就占领这片舆论高地了，可惜了这么好的素材！,愤怒,
11145,暹罗猫与猫共存了将近14年###会不会是畸胎瘤？那啥我是干妇产科的，不太懂小猫咪,担心,
11148,暹罗猫与猫共存了将近14年###您好，恭喜您的视频荣登视频飙升榜，宠物领域第13名，榜单可在【发现页视频视频飙升榜】中展示您的上榜信息，榜单小时级更新请尽快查看哦快来查看分享你的上榜视频吧榜单戳》,肯定,
11150,暹罗猫与猫共存了将近14年###天。。。。这么多年过来宝子得多难受,担心,
11151,暹罗猫与猫共存了将近14年###猫的畸胎瘤,无聊,
11154,暹罗猫与猫共存了将近14年###您好，家里猫咪8岁了，一直很健康。最近突然暴瘦不吃饭呕吐，检查发现脾脏内有囊肿，生化显示只是脱水。有建议检查的项目吗,悲伤,
11157,暹罗猫与猫共存了将近14年###暹罗猫咋样了？,期待,
11160,暹罗猫与猫共存了将近14年###人也有这样的，看过一个采访。八九十岁了因为生病做检查，发现腹内有,警惕,
11163,我妈肯定给我一鼻斗###阳刚男宝从小养成,搞笑,
11166,我妈肯定给我一鼻斗###这么疼他们，长大会很孝顺,期待,
11169,我妈肯定给我一鼻斗###还嫌下一代不够作吗？,厌恶,
11172,我妈肯定给我一鼻斗###除了张嘴吃还会干啥,厌恶,
11175,我妈肯定给我一鼻斗###[]如果我有这样的崽我可能喂的是屎了,厌恶,
11178,我妈肯定给我一鼻斗###自己没手吗,愤怒,
11180,我妈肯定给我一鼻斗###好好的孩子让大人养废,愤怒,
11181,我妈肯定给我一鼻斗###刚开始我还以为是残疾人呢,厌恶,
11184,"军人小哥回家过年,老父的心都碎了###你为人民服务，谁来服务你",感动,
11187,"军人小哥回家过年,老父的心都碎了###向中国人民解放军致敬！你们辛苦了！感谢你们！一定也要保护好自己。",感动,
11190,"军人小哥回家过年,老父的心都碎了###致敬英雄！",感动,
11193,"军人小哥回家过年,老父的心都碎了###伟大的人，致敬",感动,
11196,"军人小哥回家过年,老父的心都碎了###人民的英雄",感动,
11199,"军人小哥回家过年,老父的心都碎了###致敬军人，祝一切顺利幸福",感动,
11200,"军人小哥回家过年,老父的心都碎了###作为纳税人，坚决同意用税金照顾好自己的英雄",感动,
11202,《母语》第43期:母语###凭什么听他的！他蒜什么！！蒜什么！！我不要看居我要看老婆,悲伤,
11205,《母语》第43期:母语###漂亮小猪,无所谓,
11208,《母语》第43期:母语###这是哪里啊,警惕,
11210,《母语》第43期:母语###哈哈哈哈哈哈哈,搞笑,
11211,《母语》第43期:母语###腰好细,肯定,
11214,《母语》第43期:母语###笋崽好漂亮,肯定,
11217,还记得那一年赵丽颖高调官宣跟我在一起的日子###时尚新娘6,,
11220,还记得那一年赵丽颖高调官宣跟我在一起的日子###时尚新娘2,,
11223,还记得那一年赵丽颖高调官宣跟我在一起的日子###那时候找就没有这个头像,无聊,
11226,还记得那一年赵丽颖高调官宣跟我在一起的日子###一边儿去[],厌恶,
11229,还记得那一年赵丽颖高调官宣跟我在一起的日子###图片评论,警惕,
11230,还记得那一年赵丽颖高调官宣跟我在一起的日子###那你放她出来[微笑],搞笑,
11232,还记得那一年赵丽颖高调官宣跟我在一起的日子###？是艾特错了还是你的[欢乐熊出没],惊讶,
11235,还记得那一年赵丽颖高调官宣跟我在一起的日子###好美呀,高兴,
11238,"投稿半夜尴尬跳起来,突然袭击检查吗?蓝朋友一声没有报备呀###自此，男友在队里喜提新名臭坏蛋[]",搞笑,
11241,"投稿半夜尴尬跳起来,突然袭击检查吗?蓝朋友一声没有报备呀###说不涉及隐私但还是不可避免的（？）看了聊天记录啊",担心,
11244,"投稿半夜尴尬跳起来,突然袭击检查吗?蓝朋友一声没有报备呀###为啥需要检查流水呀（只是不懂不是杠）[苦涩]",悲伤,
11247,"投稿半夜尴尬跳起来,突然袭击检查吗?蓝朋友一声没有报备呀###那不是去应该忽略消息，为什么要回复私人信息，这还不涉及隐私？",愤怒,
11250,"投稿半夜尴尬跳起来,突然袭击检查吗?蓝朋友一声没有报备呀###哼臭坏蛋！",肯定,
11253,"投稿半夜尴尬跳起来,突然袭击检查吗?蓝朋友一声没有报备呀###[哆啦梦吃惊]那岂不是不能搞黄了（）",悲伤,
11256,"投稿半夜尴尬跳起来,突然袭击检查吗?蓝朋友一声没有报备呀###领导说不定被甜到了",肯定,
11259,观点·Airbnb奇屋可居###在踩什么让我看看,期待,
11262,观点·Airbnb奇屋可居###我以为是丁海寅呢,惊讶,
11265,观点·Airbnb奇屋可居###蹲一个关键词,无所谓,
11268,观点·Airbnb奇屋可居###让我来踩！,肯定,
11271,观点·Airbnb奇屋可居###[哇],期待,
11274,观点·Airbnb奇屋可居###谁和谁啊,无所谓,
11277,收到美鞋一双###可以直接走秀了,肯定,
11280,收到美鞋一双###啊啊啊啊啊看步！！这双什么颜色都美，白色在牙脚上尤其美！！,高兴,
11283,收到美鞋一双###姐姐踩我,期待,
11286,收到美鞋一双###啊呀呀呀太美了意思是,高兴,
11289,收到美鞋一双###买噶我舔,高兴,
11290,收到美鞋一双###好瘦呀牙宝,肯定,
11292,收到美鞋一双###好美啊,高兴,
11295,女友给我发的什么意思?###这不就是作精！,厌恶,
11298,女友给我发的什么意思?###她来找你了？,无所谓,
11300,女友给我发的什么意思?###我也不理解[笑],无聊,
11301,女友给我发的什么意思?###谜语人,厌恶,
11304,女友给我发的什么意思?###和别人开放呢[],悲伤,
11307,女友给我发的什么意思?###想出去玩啊[],肯定,
11310,女友给我发的什么意思?###在白日做梦,无聊,
11313,女友给我发的什么意思?###被绑架了,担心,
11316,塔伦埃格顿:已看过王男3剧本期待早日开拍###脸叔曾说拍王男时受过最严重的伤，是被导演认为不够有攻击性而心灵受到暴击一鬼夜行@一鬼夜行我听到叔眼泪落地的声音了[笑][笑][笑]@早干嘛去了，现在还要叫六旬老人减肥健身拍打戏吗[笑][笑]我全力支持,感动,
11319,塔伦埃格顿:已看过王男3剧本期待早日开拍###马强都炸没了估计我不会看了,悲伤,
11320,塔伦埃格顿:已看过王男3剧本期待早日开拍###幻橙草莓@幻橙草莓我的观影搭子多久没合体了,期待,
11322,塔伦埃格顿:已看过王男3剧本期待早日开拍###看马修的了,期待,
11325,塔伦埃格顿:已看过王男3剧本期待早日开拍###赶紧的吧,期待,
11328,塔伦埃格顿:已看过王男3剧本期待早日开拍###啊？？啊！！！！,高兴,
11330,塔伦埃格顿:已看过王男3剧本期待早日开拍###保持第一部的质量会是奢望吗,期待,
11331,塔伦埃格顿:已看过王男3剧本期待早日开拍###哇！！！终于要拍了555,期待,
11334,塔伦埃格顿:已看过王男3剧本期待早日开拍###至今记得2014年9岁生日去看第一部看到用脚上的刀在门口把人劈成两半，，，当时正好换牙期吃爆米花吃到生的在影院里磕掉了一颗牙,肯定,
11337,满满的胜负欲###我之前遇过，当面不好意思拒绝就加了，但我转头就删了,厌恶,
11340,满满的胜负欲###异曲同工,肯定,
11343,满满的胜负欲###拒绝他你这不是要他的命吗,愤怒,
11346,满满的胜负欲###全程这个表情的看,无聊,
11349,满满的胜负欲###？这还打码,愤怒,
11352,满满的胜负欲###刘亦菲可以什么？[],搞笑,
11355,喜羊羊与灰太狼成为好朋友###你告诉我羊守7什么时候来[],厌恶,
11358,喜羊羊与灰太狼成为好朋友###《又好吃》嘿嘿灰叔我懂你,期待,
11360,喜羊羊与灰太狼成为好朋友###灰哎其实啊我以前也没什么朋友，抓羊也抓不到，搞发明也常常搞砸，还老是惹红红生气，直到和羊羊成为朋友以后，我才感受到了朋友的意义，他们不仅接纳了我，还总是在我遇到困难的时候义无反顾的帮我，有朋友的感觉真好啊嘿嘿,肯定,
11361,喜羊羊与灰太狼成为好朋友###喜我也没想到会和灰太狼成为朋友，那个时候我每天都防着它，生怕他来羊村抓羊。它鬼点子可多了，有一次灰太狼居然装扮成狗狗的样子来接近我们，想当卧底抓我们，可没想到后来羊村遭遇了危机，却是灰太狼救了我。我发现其实他也没有那么坏呀，除了是一个好丈夫好爸爸之外，还是一个很值得交的好朋友呢,肯定,
11364,喜羊羊与灰太狼成为好朋友###羊和狼也能够成为朋友，所有的友谊是不分种族的，朋友就是要相互依靠，一起面对困难的,感动,
11367,喜羊羊与灰太狼成为好朋友###好的，先期待暑假的羊守7和明年大年初一大电影守护喜羊羊与灰太狼@喜羊羊与灰太狼电影喜羊羊与灰太狼@电影喜羊羊与灰太狼,期待,
11370,喜羊羊与灰太狼成为好朋友###好可爱的双男主，好朋友未来也一起走下去吧,高兴,
11373,喜羊羊与灰太狼成为好朋友###好好好,肯定,
11376,观点·Airbnb奇屋可居###图五上不啊[团圆兔][团圆兔][团圆兔],期待,
11379,观点·Airbnb奇屋可居###@被美晕,肯定,
11380,观点·Airbnb奇屋可居###上新吧,期待,
11382,观点·Airbnb奇屋可居###要命！,肯定,
11385,观点·Airbnb奇屋可居###过于美丽,肯定,
11388,观点·Airbnb奇屋可居###多多在我心里真是明艳第一人[招财嗅嗅],肯定,
11390,观点·Airbnb奇屋可居###请问这是哪里拍的，好漂亮啊,肯定,
11391,观点·Airbnb奇屋可居###有效健身[团圆兔]肤白貌美大长腿,肯定,
11394,观点·Airbnb奇屋可居###像一条美女蛇[彩虹屁],搞笑,
11397,争取不做###好帅啊,肯定,
11400,争取不做###啊啊啊啊许凯[心动超崽],期待,
11403,争取不做###哈哈哈哈哈哈哈哈,搞笑,
11406,争取不做###帅哥许凯@许凯,肯定,
11409,争取不做###多来点自拍,期待,
11410,争取不做###爱你呀，韩廷,肯定,
11412,争取不做###[哇][哇][哇][哇][哇],期待,
11415,春节期间也是抑郁症爆发期###掌柜新年好,期待,
11418,春节期间也是抑郁症爆发期###控制欲强的家长有多可怕，只有孩子知道（我家里就是，我想死，说真的[锦鲤附体]）,悲伤,
11420,春节期间也是抑郁症爆发期###没能力的家长才爱指挥那些可有可无的东西。因为提供不了更优秀的价值。然后因为知道小事无足轻重就想以量取胜有空纠正那些没用的东西不如自己多读书教给孩子给些知识而非焦虑。,愤怒,
11421,春节期间也是抑郁症爆发期###我遇到过一个，对自己孩子的每一个动作和行为以及想法都否定并加以指导，那个孩子几分钟后放弃了所有想法不再有任何交流。,担心,
11424,春节期间也是抑郁症爆发期###没错我去看心理医生最后得出的结论是我其实是家里病最轻的人类,悲伤,
11427,春节期间也是抑郁症爆发期###你知道最可怕的是什么吗，是有一天我跟我男朋友说话每一句都跟我妈一模一样。我成为了她的那个样子。,悲伤,
11430,春节期间也是抑郁症爆发期###幼儿园里遇到过一个小朋友有攻击行为，园长建议他父母带他去做心理健康评估，小孩查出来轻微多动症，而他爸爸被查出躁郁症，那个父亲就是喜怒无常还无时无刻都在指导儿子，小孩在家乖的可怕，在学校就疯的吓人,担心,
11433,春节期间也是抑郁症爆发期###我妈连猫都要控制小奶猫人家想玩的时候她要捉来抱抱够摸够了又丢到一边不理了然后她问我怎么它才来两天就跟你这么好？都不愿意被我抱我说因为玩的时候我让它玩它找我的时候我才会抱抱它能不跟我好么？[],愤怒,
11436,中国新闻周刊2013年第43期上线###不离发出去秀恩爱呢,厌恶,
11439,中国新闻周刊2013年第43期上线###尊重祝福锁死[开学季][彩虹屁],肯定,
11442,中国新闻周刊2013年第43期上线###蹭[礼物]蹭,肯定,
11445,中国新闻周刊2013年第43期上线###图片评论,,
11448,中国新闻周刊2013年第43期上线###我只想笑,搞笑,
11451,中国新闻周刊2013年第43期上线###不离婚都是在秀恩爱哦，祝福呀，一定要好好在一起,期待,
11454,中国新闻周刊2013年第43期上线###《他对我孩子也都很不错》,惊讶,
11457,坏女人!把衣服标拆下来换在仿版衣服上然后退回来!###同行吧,肯定,
11460,坏女人!把衣服标拆下来换在仿版衣服上然后退回来!###拉黑她，不退款，拉黑，举报,愤怒,
11463,坏女人!把衣服标拆下来换在仿版衣服上然后退回来!###拉黑示众,厌恶,
11466,坏女人!把衣服标拆下来换在仿版衣服上然后退回来!###[哆啦梦害怕]居然还能这样,担心,
11469,坏女人!把衣服标拆下来换在仿版衣服上然后退回来!###那么坏！！！曝光啊！！！拉黑！,愤怒,
11470,坏女人!把衣服标拆下来换在仿版衣服上然后退回来!###怎么这样,愤怒,
11472,坏女人!把衣服标拆下来换在仿版衣服上然后退回来!###为啥会有这种人,厌恶,
11475,欺负老实人嘛!###实在是太欺负人了,愤怒,
11478,欺负老实人嘛!###千人试驾，一人付款。玩得挺嗨啊！,愤怒,
11484,欺负老实人嘛!###可能不止一百个,愤怒,
11487,欺负老实人嘛!###原来你就是传说中的老实人啊,无所谓,
11490,欺负老实人嘛!###有毒，不能上,厌恶,
11493,欺负老实人嘛!###哈哈哈哈,搞笑,
11496,中国新闻周刊2013年第43期上线###表面是献血，实际上是去吃自助餐,搞笑,
11499,中国新闻周刊2013年第43期上线###你这血型怎么杂七杂八的[],搞笑,
11502,中国新闻周刊2013年第43期上线###草草草草哈哈哈哈哈这声线,搞笑,
11505,中国新闻周刊2013年第43期上线###阿远永不言弃@阿远永不言弃,无所谓,
11508,中国新闻周刊2013年第43期上线###鹿@鹿,,
11510,中国新闻周刊2013年第43期上线###哈哈哈哈哈哈哈,搞笑,
11511,中国新闻周刊2013年第43期上线###爷来吃自助了,高兴,
11514,中国新闻周刊2013年第43期上线###洞爷湖武士银时@洞爷湖武士银时,无所谓,
11517,流浪儿童姐弟靠捡垃圾为生 姐姐称不养我们了###政府和未成年保护机构在哪里,愤怒,
11520,流浪儿童姐弟靠捡垃圾为生 姐姐称不养我们了###没人报警吗？？遗弃罪,愤怒,
11523,流浪儿童姐弟靠捡垃圾为生 姐姐称不养我们了###如他爸放弃抚养权，我想养他们。,担心,
11526,流浪儿童姐弟靠捡垃圾为生 姐姐称不养我们了###河南民政@河南民政河南红十字会@河南红十字会河南发布@河南发布,担心,
11529,流浪儿童姐弟靠捡垃圾为生 姐姐称不养我们了###都要哭了,悲伤,
11532,流浪儿童姐弟靠捡垃圾为生 姐姐称不养我们了###村主任马上就要到了。,期待,
11535,黄曦宁近照流出###对着一个素人的照片品头论足你们是有多好看,无聊,
11538,黄曦宁近照流出###咱就是说人家两口子的事，评论区在找什么事啊，自己还真挑上了啊,无聊,
11541,黄曦宁近照流出###看着很凶,警惕,
11544,黄曦宁近照流出###好像那个邱莹,无所谓,
11547,黄曦宁近照流出###就一路人，别营销了。没看她不爽，也不酸。就是真的别营销了，没人在意,无聊,
11550,黄曦宁近照流出###看着不是个好惹的主,警惕,
11553,黄曦宁近照流出###不用硬夸,无聊,
11556,《泰坦尼克号》即将陆续在全球重映###今天也是羡慕他们票根的一天,期待,
11559,《泰坦尼克号》即将陆续在全球重映###有拆那吗,期待,
11560,《泰坦尼克号》即将陆续在全球重映###今天一天羡慕这个词已经说了很多遍了,期待,
11562,《泰坦尼克号》即将陆续在全球重映###好喜欢,期待,
11565,《泰坦尼克号》即将陆续在全球重映###韩国的票根真的很用心羡慕喽,肯定,
11568,《泰坦尼克号》即将陆续在全球重映###想要拥有,期待,
11570,《泰坦尼克号》即将陆续在全球重映###中国为什么没有呢[苦涩],悲伤,
11571,《泰坦尼克号》即将陆续在全球重映###好看哎[哇],肯定,
11574,《泰坦尼克号》即将陆续在全球重映###看不了重映能单买票根吗（一些羡慕。,期待,
11577,一海滩出现大批死鱼是核废水毒死的?###应该是大地震前兆。核废水不能让鱼立即大量死亡。。。,警惕,
11580,一海滩出现大批死鱼是核废水毒死的?###估计前者,警惕,
11583,一海滩出现大批死鱼是核废水毒死的?###小日本每次做核试验就会有天灾，这样的也算吧。,愤怒,
11586,一海滩出现大批死鱼是核废水毒死的?###流浪地球计划前兆啊[],悲伤,
11589,一海滩出现大批死鱼是核废水毒死的?###肯定是核废水，当说要立即开始排核废水了，实际应该排了一半了,愤怒,
11592,一海滩出现大批死鱼是核废水毒死的?###我来翻译各位乡亲，快来海边，这里大大的很多鱼，是上天送来的美食，快来捡回家。,搞笑,
11595,陈乔恩:下次撸嘴皮可以做一个视频###为啥可以整个嘴皮撕下来啊，好神奇,期待,
11598,陈乔恩:下次撸嘴皮可以做一个视频###撕嘴皮真的停不下来我只能一点一点的,期待,
11601,陈乔恩:下次撸嘴皮可以做一个视频###不理解却好奇,期待,
11604,陈乔恩:下次撸嘴皮可以做一个视频###此刻一位网友撕起了自己的嘴皮,搞笑,
11607,陈乔恩:下次撸嘴皮可以做一个视频###桑二桑桑一@桑二桑桑一,肯定,
11610,陈乔恩:下次撸嘴皮可以做一个视频###一边撕嘴皮一遍看评论[喵喵],搞笑,
11613,陈乔恩:下次撸嘴皮可以做一个视频###已经开始疼,悲伤,
11616,哥们发笑话笑死我了英国就是陕西的几个证据我严重同意[笑]###英国曾经有个女王，陕西曾经有个女皇,搞笑,
11619,哥们发笑话笑死我了英国就是陕西的几个证据我严重同意[笑]###英国有个大英博物馆，陕西有个陕博英国有有摇滚乐，披头士，陕西也有，还有许巍，郑钧,肯定,
11622,哥们发笑话笑死我了英国就是陕西的几个证据我严重同意[笑]###西交利物浦大学[],搞笑,
11625,哥们发笑话笑死我了英国就是陕西的几个证据我严重同意[笑]###郭达，杰森斯坦森卵生兄弟是吧[笑]哈哈哈哈,搞笑,
11628,哥们发笑话笑死我了英国就是陕西的几个证据我严重同意[笑]###有理有据,肯定,
11630,哥们发笑话笑死我了英国就是陕西的几个证据我严重同意[笑]###7@7荷兰河南哈哈哈哈哈哈哈哈,搞笑,
11631,哥们发笑话笑死我了英国就是陕西的几个证据我严重同意[笑]###缓恍惚惚@缓恍惚惚,肯定,
11634,哥们发笑话笑死我了英国就是陕西的几个证据我严重同意[笑]###屁菜菜菜@屁菜菜菜,肯定,
11637,逆天!14岁一家子的腿也太逆天了###鲍鲍和陆毅真的好恩爱，一家四口幸福美满。妻子的浪漫旅行这一季真的很好看,肯定,
11640,逆天!14岁一家子的腿也太逆天了###哇，又长又直,肯定,
11643,逆天!14岁一家子的腿也太逆天了###大女儿变化好大啊。一家人颜值都是顶级。,肯定,
11646,逆天!14岁一家子的腿也太逆天了###贝儿好有气质大家闺秀的感觉,肯定,
11649,逆天!14岁一家子的腿也太逆天了###腿真又细又长的，羡慕了,肯定,
11652,逆天!14岁一家子的腿也太逆天了###救命，好长的腿！,肯定,
11655,"船吗,船吗###船来啦！[开学季]",高兴,
11658,"船吗,船吗###苏苏剪头发啦！",期待,
11661,"船吗,船吗###永远都在看海看海的路上",期待,
11664,"船吗,船吗###永远永远等着你靠岸",期待,
11667,"船吗,船吗###海的精灵",肯定,
11670,"船吗,船吗###姐姐状态好健康好喜欢！[彩虹屁][彩虹屁][彩虹屁]",肯定,
11673,"船吗,船吗###对面的女孩看过来[举手]船在这",搞笑,
11676,杨谨华和杨谨华玩得好疯###姐的腿未免太长太细了,肯定,
11679,杨谨华和杨谨华玩得好疯###腿真好看,肯定,
11680,杨谨华和杨谨华玩得好疯###苏妈妈哈哈哈哈哈哈哈哈哈哈哈哈哈哈我要笑死了,搞笑,
11682,杨谨华和杨谨华玩得好疯###单无双怎么可能输[],肯定,
11685,杨谨华和杨谨华玩得好疯###苏妈妈气势压倒！,肯定,
11688,杨谨华和杨谨华玩得好疯###哈哈哈哈哈哈哈哈哈哈哈哈,高兴,
11691,杨谨华和杨谨华玩得好疯###让我加入好吗,期待,
11694,曾经介么爱自拍王一博@王一博[微笑]###现在的自拍,肯定,
11697,曾经介么爱自拍王一博@王一博[微笑]###好帅啊铁子,肯定,
11700,曾经介么爱自拍王一博@王一博[微笑]###儿子有老婆管了，就不要妈了[苦涩][苦涩][苦涩]（不用管妈，和媳妇好好的就可以了）,悲伤,
11703,曾经介么爱自拍王一博@王一博[微笑]###都说有了对象后如果情感稳定就不会轻易在社交媒体发自己照片了[开学季],悲伤,
11706,曾经介么爱自拍王一博@王一博[微笑]###战哥唱的赞啵赞@战哥唱的赞啵赞我喜欢清淡的你,肯定,
11709,曾经介么爱自拍王一博@王一博[微笑]###现在只能去某人手机里找[],悲伤,
11712,曾经介么爱自拍王一博@王一博[微笑]###现在也不是不爱，只发给战哥看,搞笑,
11715,《唐朝诡事录》第二季开工###期待原班人马的唐诡,期待,
11718,《唐朝诡事录》第二季开工###期待唐诡2，太好看了。,期待,
11720,《唐朝诡事录》第二季开工###哇，原班人马，太棒了期待唐诡2！,期待,
11721,《唐朝诡事录》第二季开工###期待唐诡2原班人马,期待,
11724,《唐朝诡事录》第二季开工###期待唐诡2，期待卢凌风,期待,
11727,《唐朝诡事录》第二季开工###期待唐诡2原班人马[开学季][开学季][开学季],期待,
11730,《唐朝诡事录》第二季开工###刘十八不来了啊？,悲伤,
11733,《唐朝诡事录》第二季开工###疯狂期待原班人马回归的唐诡二了,期待,
11736,家族2023新年音乐会瞬间###宝宝你很棒，你特别棒，想听你一直唱！想在台下大声喊你的名字！我们下个舞台就见面吧！,期待,
11739,家族2023新年音乐会瞬间###老公好帅,肯定,
11742,家族2023新年音乐会瞬间###哈喽哈喽哈喽航哥你来了看了音乐会的制作篇，冷的嘞，你手和耳朵冻得通红平时也要注意自己的身体，健康第一位哦宝贝但是舞台真的特别特别棒有了自己的新电脑相信宝贝会给我们带来更多更好的作品的一直听你从天黑唱到天亮（我们超级超级喜欢你分享日常请多多分享）,期待,
11745,家族2023新年音乐会瞬间###妈呀好可爱啊啊啊啊啊啊啊啊,高兴,
11748,家族2023新年音乐会瞬间###好乖的宝宝,肯定,
11751,家族2023新年音乐会瞬间###宝宝你好棒！！！！[彩虹屁][彩虹屁][彩虹屁],肯定,
11754,宵节快乐[兔子]大家都吃了什么馅儿的汤圆呀###芝麻[流浪地球2],高兴,
11757,宵节快乐[兔子]大家都吃了什么馅儿的汤圆呀###汤圆当然吃芝麻馅的[锦鲤附体],肯定,
11760,宵节快乐[兔子]大家都吃了什么馅儿的汤圆呀###吃了豆沙和黑芝麻馅的,肯定,
11763,宵节快乐[兔子]大家都吃了什么馅儿的汤圆呀###芝麻的[兔兔拜年],高兴,
11766,宵节快乐[兔子]大家都吃了什么馅儿的汤圆呀###老婆元宵节快乐宋轶@宋轶,高兴,
11769,宵节快乐[兔子]大家都吃了什么馅儿的汤圆呀###元宵节快乐姐姐[团圆兔]吃的黄米芝麻,高兴,
11772,宵节快乐[兔子]大家都吃了什么馅儿的汤圆呀###芝麻花生,高兴,
11775,拿不下你我的问题上海###好性感,高兴,
11778,拿不下你我的问题上海###美女美腿,肯定,
11781,拿不下你我的问题上海###到上海了？明天约个喝酒阿,期待,
11784,拿不下你我的问题上海###你问题很大,搞笑,
11787,拿不下你我的问题上海###怎么会,担心,
11790,瑟瑟王健身老王###这玩意只能直臂硬拉，手腕一转就容易翻,无所谓,
11793,瑟瑟王健身老王###不是杆的问题，旁边门框不是实心，空的。墙壁若腻子过厚，安这杆子也不稳当，而且要被压个凹印，破坏墙面。,担心,
11796,瑟瑟王健身老王###用力的时候弯了，弯了就会掉下来，这个商品太细了，估计便宜，还有就是长度要买长一点的，让伸出部分尽量短一点，毕竟伸出部分更细。我自己买的用了很多年没问题，,担心,
11799,瑟瑟王健身老王###后脑着地凉了一半,担心,
11802,瑟瑟王健身老王###你好，你感兴趣的引体向上已开通了超话社区超话社区是微博旗下兴趣互动社区，快来与志同道合的小伙伴们一起交流互动吧！戳我进入引体向上,肯定,
11805,瑟瑟王健身老王###我也这么摔下来过,悲伤,
11808,瑟瑟王健身老王###无意中练会了德式背摔[],搞笑,
11811,只黑面小羊大打出手场面十分紧张!###我能看一下午,肯定,
11814,只黑面小羊大打出手场面十分紧张!###好喜欢,肯定,
11817,只黑面小羊大打出手场面十分紧张!###好温柔啊，小羊尾巴好长啊,肯定,
11820,只黑面小羊大打出手场面十分紧张!###为什么只有一只羊主动？另一只羊有种该死的宠溺感,感动,
11823,只黑面小羊大打出手场面十分紧张!###王小洋@王小洋太可爱啦,肯定,
11826,只黑面小羊大打出手场面十分紧张!###哈哈哈哈可爱,高兴,
11829,《三体》如何还原原著###我觉得尊重原著也挺好的，要不你看隔壁的动画，那改编，哎,悲伤,
11832,《三体》如何还原原著###因为不理解原著所以才每分每秒都照着拍,厌恶,
11835,《三体》如何还原原著###忠于原著的部分没有美感，不符合原著的地方更不行了,厌恶,
11838,《三体》如何还原原著###太慢了，书粉也受不了了,无聊,
11841,《三体》如何还原原著###我选择屏蔽此博主。,愤怒,
11844,《三体》如何还原原著###科幻电视剧真的可以看看美剧诺兰制作的，《疑犯追踪》，《西部世界》，尤其是对节奏的把控和每一集和每一季的最后的处理，三体这个作品有点可惜了，原著明明那么引人入胜，电视剧真的节奏编排都有点问题,悲伤,
11847,《三体》如何还原原著###这边建议别看，去看艺画开天,悲伤,
11850,钟硕:这个世界不是所有人都包容一个靠脸吃饭的胖成的###男的确实好肥，戴着口罩都看到脸上肉好多,惊讶,
11853,钟硕:这个世界不是所有人都包容一个靠脸吃饭的胖成的###你拿高清图跟过的比啊,愤怒,
11856,钟硕:这个世界不是所有人都包容一个靠脸吃饭的胖成的###他一直都是这样啊不拍戏的时候就吃胖开拍前就能瘦下来据说没工作时候故意吃胖是为了不被财阀富婆看上包养不了解可以闭嘴,警惕,
11859,钟硕:这个世界不是所有人都包容一个靠脸吃饭的胖成的###其实胖应该是因为脚受伤要吃激素？不过确实不太喜欢他炫耀的样子,厌恶,
11860,钟硕:这个世界不是所有人都包容一个靠脸吃饭的胖成的###别强求粉丝爱屋及乌行吗,厌恶,
11862,钟硕:这个世界不是所有人都包容一个靠脸吃饭的胖成的###发面馒头,厌恶,
11865,钟硕:这个世界不是所有人都包容一个靠脸吃饭的胖成的###像极了某男的，同样女方低调，男的高调秀恋情，而且他还跟某男的一家公司。赶紧分了，好好搞事业！,厌恶,
11868,钟硕:这个世界不是所有人都包容一个靠脸吃饭的胖成的###別蹭了#李钟硕软饭男#,厌恶,
11871,拥有一个亿会有多痛苦?这种苦别人不知道能不能吃###我做好吃苦的准备了什么时候给我一个亿,搞笑,
11874,拥有一个亿会有多痛苦?这种苦别人不知道能不能吃###唯一的苦是发愁钱怎么花吧,搞笑,
11877,拥有一个亿会有多痛苦?这种苦别人不知道能不能吃###每年400万利息而且是三年定期的不要误导人还每年500万？一年定期每年最多200万,厌恶,
11880,拥有一个亿会有多痛苦?这种苦别人不知道能不能吃###不知道怎么花钱也太痛苦了呀,搞笑,
11883,拥有一个亿会有多痛苦?这种苦别人不知道能不能吃###麻烦你让我来感受一下这样的痛苦。,厌恶,
11889,庄达菲要一直努力和丢火车乐队合作舞台###庄达菲好棒！,高兴,
11890,庄达菲要一直努力和丢火车乐队合作舞台###好听死了爱了,肯定,
11892,庄达菲要一直努力和丢火车乐队合作舞台###这很好听吗？比原唱差多了这首歌给我唱我也能唱的很好听,无聊,
11895,庄达菲要一直努力和丢火车乐队合作舞台###庄达菲好棒,肯定,
11898,庄达菲要一直努力和丢火车乐队合作舞台###庄达菲太棒了,肯定,
11900,庄达菲要一直努力和丢火车乐队合作舞台###好爱好爱小庄,肯定,
11901,庄达菲要一直努力和丢火车乐队合作舞台###小庄好棒呀,肯定,
11904,庄达菲要一直努力和丢火车乐队合作舞台###唱些什么玩意，这首歌本应有的感觉一点也没,无聊,
11907,庄达菲要一直努力和丢火车乐队合作舞台###我家小朋友真棒,肯定,
11910,穿着纸尿裤能显出她的臀缝###好可爱哈哈哈哈哈哈[哇],搞笑,
11913,穿着纸尿裤能显出她的臀缝###这样[摊手],惊讶,
11916,穿着纸尿裤能显出她的臀缝###可能没出生前就是这个姿势,无所谓,
11919,穿着纸尿裤能显出她的臀缝###哈哈哈哈我只关注到阿达壮实的小腿这要跑起来你可抓不住,高兴,
11922,穿着纸尿裤能显出她的臀缝###哈哈哈哈哈哈哈这姿势一般人做不来还是有点功夫在身上的,高兴,
11925,穿着纸尿裤能显出她的臀缝###我们有时候也是我还以为没穿好,无所谓,
11928,穿着纸尿裤能显出她的臀缝###哈哈，宝宝的睡姿真的千奇百怪,高兴,
11930,"男友提出这种要求,我对他好失望啊!###我自己都没男朋友那有空管你闲事[苦涩]",悲伤,
11931,"男友提出这种要求,我对他好失望啊!###建议分手",悲伤,
11934,"男友提出这种要求,我对他好失望啊!###你踏马借他一千万呢[哇]",惊讶,
11937,"男友提出这种要求,我对他好失望啊!###我男朋友上次借了我一万，发完工资就给我还了[]",无所谓,
11940,"男友提出这种要求,我对他好失望啊!###如果是学生妹儿我也能理解，毕竟在一起两个月也不是很久。但是你想借就借，想不借就不借，说那一段话感觉有点扣扣的[]",厌恶,
11943,"男友提出这种要求,我对他好失望啊!###不愧是微博评论区太强了",厌恶,
11946,"男友提出这种要求,我对他好失望啊!###你享受人家的消费的时候怎么没说节俭点，或者是帮他分担点",厌恶,
11949,"没有失控感,生活就可以放松###喜欢安静慵懒的氛围感",肯定,
11950,"没有失控感,生活就可以放松###宝贝很美的",肯定,
11952,"没有失控感,生活就可以放松###好想贴贴宝贝",期待,
11955,"没有失控感,生活就可以放松###晚上好",肯定,
11958,"没有失控感,生活就可以放松###保持松弛的态度和生活方式，共勉",期待,
11960,"没有失控感,生活就可以放松###真的很不错呀",肯定,
11961,"没有失控感,生活就可以放松###姐姐皮肤状态好好",肯定,
11964,"没有失控感,生活就可以放松###芥末美[送花花][送花花]",肯定,
11967,"没有失控感,生活就可以放松###好美呀，小姐姐，风格好喜欢",肯定,
11970,大理旅游随拍:与夕阳和洱海同框的马老师少年感满满###期待马天宇腾讯古装轻喜剧《喜卷长安城》以及2023和郝蕾房子斌老师的舞台剧《寄生虫》全国巡演。,期待,
11973,大理旅游随拍:与夕阳和洱海同框的马老师少年感满满###肯定甜啊[]因为他叫马甜芋馬天宇@馬天宇,感动,
11976,大理旅游随拍:与夕阳和洱海同框的马老师少年感满满###比草莓还甜的男人,感动,
11979,大理旅游随拍:与夕阳和洱海同框的马老师少年感满满###他可甜了,高兴,
11980,大理旅游随拍:与夕阳和洱海同框的马老师少年感满满###马天宇比草莓更甜比草莓更红！,肯定,
11982,大理旅游随拍:与夕阳和洱海同框的马老师少年感满满###我尝过了，挺甜的，不止是草莓[哇],搞笑,
11985,大理旅游随拍:与夕阳和洱海同框的马老师少年感满满###马天宇哥哥比草莓甜[喵喵],肯定,
11988,大理旅游随拍:与夕阳和洱海同框的马老师少年感满满###旅行青蛙王子马天宇，发来照片,期待,
11990,这个眉眼真的是仙品###天哪我的老公,肯定,
11991,这个眉眼真的是仙品###希望我下辈子能长一双这样子的眼睛[老师好],期待,
11994,这个眉眼真的是仙品###难以想象的好看,期待,
11997,这个眉眼真的是仙品###小猪软软,高兴,
12000,这个眉眼真的是仙品###小神仙,肯定,
12003,这个眉眼真的是仙品###好美[老师好],肯定,
12006,这个眉眼真的是仙品###我要闹了。今天元宵节为啥没有新,愤怒,
12009,元宵佳节快乐###元宵节快乐@,肯定,
12012,元宵佳节快乐###沁沁元宵节快乐,肯定,
12015,元宵佳节快乐###元宵节快乐[团圆兔],高兴,
12018,元宵佳节快乐###元宵节快乐,高兴,
12021,元宵佳节快乐###元宵节快乐,高兴,
12024,元宵佳节快乐###元宵节快乐沁沁,高兴,
12027,元宵佳节快乐###元宵节快乐！！！[团圆兔][团圆兔][团圆兔],高兴,
12030,活着从视频里出去不准###什么姿势睡着，才能梦到和结婚,期待,
12033,活着从视频里出去不准###晕了晕了，来我床上扭[苦涩],期待,
12036,活着从视频里出去不准###我不出去，我要侍寝[春游家族],期待,
12039,活着从视频里出去不准###好的在视频里办暂住证了,期待,
12042,活着从视频里出去不准###我已经没了,高兴,
12045,活着从视频里出去不准###[笑][笑][笑]你这是想把摇晕了,高兴,
12048,活着从视频里出去不准###今晚就在我梦里扭吧,搞笑,
12051,猫咪尾随我回家被我发现了是吧???###任何时间任何地点超级变态认真观看,搞笑,
12054,猫咪尾随我回家被我发现了是吧???###啊啊啊啊啊啊啊！哪？在哪？！,搞笑,
12057,猫咪尾随我回家被我发现了是吧???###猫猫真的巨可爱啊啊啊，想亲洗,期待,
12060,猫咪尾随我回家被我发现了是吧???###这是什么？小猫咪！一口吞掉！这是什么？小猫咪！一口吞掉！这是什么？小猫咪！一口吞掉！这是什么？小猫咪！一口吞掉！这是什么？小猫咪！一口吞掉！这是什么？小猫咪！一口吞掉！,高兴,
12063,猫咪尾随我回家被我发现了是吧???###这猫怎么凶凶的！！速速送来我家调教调教,期待,
12066,猫咪尾随我回家被我发现了是吧???###我的猫咪老婆啊啊啊媚死我了,高兴,
12069,评选《狂飙》演技排行你认同吗?###张译主角给个第二吧，李一桐去哪儿了？,愤怒,
12072,评选《狂飙》演技排行你认同吗?###老默演技真的很好诶,肯定,
12075,评选《狂飙》演技排行你认同吗?###小龙和宏伟排低了,愤怒,
12078,评选《狂飙》演技排行你认同吗?###张颂文太帅演技碾压张译演技封神,肯定,
12081,评选《狂飙》演技排行你认同吗?###我就是看贾冰的，，,肯定,
12084,评选《狂飙》演技排行你认同吗?###为什么一定要排个名呢，我觉得每个人都演得很好,无所谓,
12087,评选《狂飙》演技排行你认同吗?###贾斌，林家川，阿如那,肯定,
12090,"门口贴的,看起来是不是也有点道理###拿3，做9的活，5年后老板生了三胎，老板娘也开上了宾利，工资给你涨到了6[]",愤怒,
12093,"门口贴的,看起来是不是也有点道理###如果我能干9的活，我为什么不直接找9的工作[]",无聊,
12096,"门口贴的,看起来是不是也有点道理###看到没，自己画饼自己吃的人就是这样。[]",厌恶,
12099,"门口贴的,看起来是不是也有点道理###勤可以活的比普通人好一点。勤不会让你发财",无聊,
12102,"门口贴的,看起来是不是也有点道理###我要是员工，看到这个我得骂一句。我是老板，明天我就给公司也整一个[]",无所谓,
12105,"门口贴的,看起来是不是也有点道理###为了保住这份3000的工作，你拼命的做了9000的活，因为辞不起职也不敢主动找老板涨工资，导致几年后你的工资还是3000，终于你决定了跳槽，老板招了两个新人接了你的岗位，工资一人4500。",愤怒,
12108,"门口贴的,看起来是不是也有点道理###笑死，现在是干9的活，年底跟老板谈下薪资，老板跟我卖惨去年整个都是亏的，公司开支太大了[微笑][微笑][微笑]",愤怒,
12111,中国新闻周刊2013年第43期上线###女性凝视多么美好呀,期待,
12114,中国新闻周刊2013年第43期上线###好喜欢这种善意的眼神,肯定,
12117,中国新闻周刊2013年第43期上线###张柏芝脖子扭成这样，怎么才一条颈纹我们普通人十条以上[2023][玉兔捣药],厌恶,
12120,中国新闻周刊2013年第43期上线###女性凝视友好善意温暖我至今都不会忘记自己在大胆开麦要求班车司机准点发车维护自己的权益时那些接受到的不友好的目光以及自己在穿着方面选择自己喜欢的风格时接收到的种种非善意的注视这些都发生在近两周内,担心,
12123,中国新闻周刊2013年第43期上线###景甜好漂亮啊！,肯定,
12126,中国新闻周刊2013年第43期上线###女性凝视,肯定,
12129,提前过元宵 小宋老师来给大家出个灯谜###老公我要看老公我要看老公我要看老公我要看老公我要看老公我要看,肯定,
12130,提前过元宵 小宋老师来给大家出个灯谜###轩轩！假期旅游好开心呀()三亚的天好漂亮想看轩轩分享更多沿途美景再一次体验潜水，我们轩哥的水性也一定很好吧北方冬天太冷了轩轩出去度假有遇到哪些好玩的事情嘞真的好想看轩轩分享玩得开心呀宝宝(),高兴,
12132,提前过元宵 小宋老师来给大家出个灯谜###小宋老师好！,高兴,
12135,提前过元宵 小宋老师来给大家出个灯谜###期待老公,高兴,
12138,提前过元宵 小宋老师来给大家出个灯谜###情书是抄来的套路是学来的玫瑰是偷来的勇气是借来的我对宋亚轩的爱是与生俱来的今晚见！,高兴,
12140,提前过元宵 小宋老师来给大家出个灯谜###亚轩来啦宝宝的直拍真是怎么看也看不够，表现力一绝真得很喜欢亚轩在舞台上闪闪发光的样子永远做你的舞台粉永远做你最忠实的听众朋友也期待你挑战更多你所热爱的东西更期待不久的以后我们就能在万人演唱会相见,高兴,
12141,提前过元宵 小宋老师来给大家出个灯谜###期待宝宝今晚见！,期待,
12144,提前过元宵 小宋老师来给大家出个灯谜###老公给我帅死了,肯定,
12147,提前过元宵 小宋老师来给大家出个灯谜###[欢乐熊出没][欢乐熊出没][欢乐熊出没]超级超级超级超级超级超级超级超级超级超级超级超级超级超级超级超级超级超级超级超级超级超级超级超级超级超级超级超级超级超级超级超级超级超级超级超级期待轩哥34的单曲,期待,
12150,电影《少年时代》第43集:少年时代###这是我一年之内看到姐弟恋的视频第四部的了？到底怎么了？都流行这些吗？,厌恶,
12153,电影《少年时代》第43集:少年时代###打了她妈的屁屁了，哈哈,高兴,
12156,电影《少年时代》第43集:少年时代###突然停下来东搞西搞，再好的兴致也没有了,厌恶,
12159,电影《少年时代》第43集:少年时代###啊啊啊啊啊啊啊啊啊啊她好漂亮啊！！！！！,高兴,
12162,电影《少年时代》第43集:少年时代###殷桃视后艳福不浅啊和台湾小哥哥,惊讶,
12165,电影《少年时代》第43集:少年时代###真的好甜,肯定,
12168,电影《少年时代》第43集:少年时代###褚克桓[笑],高兴,
12171,人的差距其实远比你想象的小###连环杀人案2015年以前特别多，多的原因是科技不发达不能第一时间找到凶手，现在基本没有了，基本当天就能逮到,肯定,
12174,人的差距其实远比你想象的小###美国佬人人都有枪我们可没有,肯定,
12177,人的差距其实远比你想象的小###杀人的还能死缓，？！法律保护恶魔,愤怒,
12180,人的差距其实远比你想象的小###冢裹降低犯罪率最好的方法就是捂嘴,愤怒,
12183,人的差距其实远比你想象的小###这是？,警惕,
12186,人的差距其实远比你想象的小###蹲个后续,期待,
12189,元宵佳节快乐###元宵节快乐宝贝叶叶我一口一个叶修,高兴,
12192,元宵佳节快乐###叮！您使用全职高手发布的微博，已被超话君收录到您的专属超话全职高手中了凹想知道粉丝们都在超话里聊些什么嘛快来宠粉翻牌吧！直达现场全职高手,肯定,
12195,元宵佳节快乐###修宝元宵快乐！！么么么么,高兴,
12198,元宵佳节快乐###元宵节快乐，第三季快点播,期待,
12201,元宵佳节快乐###让我们和第三季团圆吧[苦涩],期待,
12204,元宵佳节快乐###抱一丝啊一来就祝你元宵节快乐,期待,
12207,元宵佳节快乐###第三季,期待,
12210,勋表资历章即将成为历史###我是前两天刚看到一个28年正团资历章才学会数竖杠杠的，这刚学会又不用了,悲伤,
12213,勋表资历章即将成为历史###昨天瞅了下新式勋表，比资历章复杂很多[笑]，各种荣誉和经历都挂上去了,感动,
12216,勋表资历章即将成为历史###我就路过。,无所谓,
12219,勋表资历章即将成为历史###唉，只怪出生早了，当兵早了,悲伤,
12222,勋表资历章即将成为历史###新式勋表有完整版图例吗？,担心,
12225,勋表资历章即将成为历史###资历章你就熟就行了，1234十年跟着加,无聊,
12228,不给土耳其捐一分钱###挺好一地方就是让人给霍霍了，国家给了就行了，客套客套，咱就算了。,无所谓,
12231,不给土耳其捐一分钱###相比于暴恐中的遇难者，瓦良格反而算不上什么了[微笑],愤怒,
12234,不给土耳其捐一分钱###我老师是土耳其裔美国人，他现在回不了土耳其，因为他们这群在美国的土耳其裔大学教授整天凑一块骂埃苏丹,厌恶,
12237,不给土耳其捐一分钱###我的钱可以是国家的钱，但不能是外国的钱。,警惕,
12240,不给土耳其捐一分钱###国家替我捐了4000万人民币呢，肉疼,厌恶,
12243,不给土耳其捐一分钱###我捐它个锤子，东突都是在二哈家训练的,厌恶,
12246,喜提国家级证书和长期饭票###饭票有点不合适吧这词,愤怒,
12249,喜提国家级证书和长期饭票###[666],搞笑,
12252,喜提国家级证书和长期饭票###身份证号马赛克打在日期上，出生日期又没打马，这是打了个寂寞[],无聊,
12255,喜提国家级证书和长期饭票###吸血鬼找了一个啃老族还行,愤怒,
12258,喜提国家级证书和长期饭票###也就年轻这几年可以免费饭票，长期谈不上。等你不年轻看看[笑][笑],担心,
12261,喜提国家级证书和长期饭票###绑住了,厌恶,
12264,喜提国家级证书和长期饭票###下次结婚记得喊我去,无聊,
12267,俄罗斯卖中国每桶7251美元至8367美元之间###只要是人民币结算，就是好事情，印给他就是,无所谓,
12270,俄罗斯卖中国每桶7251美元至8367美元之间###一信源原文文章没有一个字提到中国。二路线中俄东线原油管道主要是通过陆上的斯科沃罗季诺大庆管道（年输油3000万吨）和科季米诺港出口海运到中国东部港口。中国不可能把大庆陆上管道关了。,担心,
12273,俄罗斯卖中国每桶7251美元至8367美元之间###你如果理解成用实际行动支持俄罗斯，就不生气了。,肯定,
12276,俄罗斯卖中国每桶7251美元至8367美元之间###开局一张图,无所谓,
12279,俄罗斯卖中国每桶7251美元至8367美元之间###你这种靠炒股骗人的财经博主，一生就离不开个骗字。,愤怒,
12282,俄罗斯卖中国每桶7251美元至8367美元之间###很正常啊，我们是收购的价格高很多的。不然他们的汇率怎么提上去的？,无所谓,
12285,俄罗斯卖中国每桶7251美元至8367美元之间###用屁股想这也是不可能的事啊！再说中俄是长期合同,愤怒,
12288,2023年日本十佳电影第三名揭晓###我也是女，我们都是女，只不过到目前为止幸运的躲过了灾难而已。,担心,
12291,2023年日本十佳电影第三名揭晓###大林三佐子其他报道,肯定,
12294,2023年日本十佳电影第三名揭晓###少生孩子吧，日本就是未来的中国，贫富差距悬殊。,担心,
12297,2023年日本十佳电影第三名揭晓###这样人之恶的新闻看多了，也就可以理解叶文洁伊文斯的动机了,无所谓,
12300,2023年日本十佳电影第三名揭晓###可怜，她选择巴士站休息，也是为了保证自己安全吧，有什么事至少会被路人更早发现，没想到遇到精神病患者。,担心,
12303,2023年日本十佳电影第三名揭晓###好难过[苦涩],悲伤,
12306,饶晓志凭电影《万里归途》获上海合作组织国家电影节最佳导演奖###感谢导演为我们拍出了《万里归途》这么好看的电影！恭喜导演实至名归！期待以后更多合作！后续为我们带来更多好的电影作品！,感动,
12309,饶晓志凭电影《万里归途》获上海合作组织国家电影节最佳导演奖###万里归途确实拍的很好，恭喜饶晓志导演,高兴,
12310,饶晓志凭电影《万里归途》获上海合作组织国家电影节最佳导演奖###恭喜导演！！！万里归途！！！！,高兴,
12312,饶晓志凭电影《万里归途》获上海合作组织国家电影节最佳导演奖###恭喜导演,高兴,
12315,饶晓志凭电影《万里归途》获上海合作组织国家电影节最佳导演奖###恭喜导演！,高兴,
12318,饶晓志凭电影《万里归途》获上海合作组织国家电影节最佳导演奖###恭喜导演！,高兴,
12320,饶晓志凭电影《万里归途》获上海合作组织国家电影节最佳导演奖###恭喜，万里归途确实是部好电影[哇],高兴,
12321,饶晓志凭电影《万里归途》获上海合作组织国家电影节最佳导演奖###今天看了下万里归途，整体来说算好电影。宁做太平犬，不做乱世人。战火纷飞的地方，人命如草芥，愿我们国家能一直和平安定！,感动,
12324,饶晓志凭电影《万里归途》获上海合作组织国家电影节最佳导演奖###依托答辩,厌恶,
12327,大理双廊你在哪大理双廊古镇###[送花花][送花花][送花花],高兴,
12330,大理双廊你在哪大理双廊古镇###这个位置去年来过有家很火的打卡下午茶的餐厅。好多海鸥,肯定,
12333,大理双廊你在哪大理双廊古镇###哎好像回到之前啊,肯定,
12336,大理双廊你在哪大理双廊古镇###在搬砖,无所谓,
12339,大理双廊你在哪大理双廊古镇###人比景美,肯定,
12342,冬至快乐身体健康###冬至快乐！,高兴,
12345,冬至快乐身体健康###冬至快乐照顾好身体,高兴,
12348,冬至快乐身体健康###好欢乐的宝[哇]冬至快乐，有没有吃饺子呀,高兴,
12350,冬至快乐身体健康###你要笑死我吗圣诞快乐,搞笑,
12351,冬至快乐身体健康###哇，是视频啊,高兴,
12354,冬至快乐身体健康###冬至快乐吃了吗,高兴,
12357,冬至快乐身体健康###今天吃饺子了吗！！冬至快乐！！,高兴,
12360,冬至快乐身体健康###冬至快乐,高兴,
12363,宁波高速公路上线安全锥机器人###一个估计得上万元，纳税人的钱就是这样被花光的,愤怒,
12366,宁波高速公路上线安全锥机器人###这个好！,高兴,
12369,宁波高速公路上线安全锥机器人###撞坏一个不便宜吧,担心,
12372,宁波高速公路上线安全锥机器人###这个好，能够避免二次伤害,肯定,
12375,宁波高速公路上线安全锥机器人###可以推广应用,肯定,
12378,宁波高速公路上线安全锥机器人###快进到《我，机器人》里面的那种清洁机器人,搞笑,
12381,宁波高速公路上线安全锥机器人###机器人摆这么多，好贵的感觉,惊讶,
12384,宁波高速公路上线安全锥机器人###创收新手段？[],期待,
12387,宁波高速公路上线安全锥机器人###随便月亮把我带到哪里去@随便月亮把我带到哪里去,肯定,
12390,宁波高速公路上线安全锥机器人###这要是堵车了他会不会全跑到路中间来了,担心,
12393,宁波高速公路上线安全锥机器人###就一个智能遥控玩具车底盘，加个锥桶，大规模推广后应该能做到1百以下一个[][],无聊,
12396,宁波高速公路上线安全锥机器人###收废品一个多少[][][]？,搞笑,
12399,宁波高速公路上线安全锥机器人###撞到这玩意一个多少钱[],搞笑,
12402,扯秋裤用力大拇指肌腱断裂###路途很远，但你值得。,无聊,
12405,扯秋裤用力大拇指肌腱断裂###未来可期,期待,
12408,扯秋裤用力大拇指肌腱断裂###心存感激所遇既温柔,肯定,
12411,扯秋裤用力大拇指肌腱断裂###真的很不错,高兴,
12414,扯秋裤用力大拇指肌腱断裂###顶起来啊，很用心哦，给多个赞赞啦。,肯定,
12417,扯秋裤用力大拇指肌腱断裂###加油吧朋友们,感动,
12420,扯秋裤用力大拇指肌腱断裂###谁都喜欢，人见人爱花见花开,搞笑,
12423,福建人春节小孩子的红包全国最多###新年大吉,高兴,
12426,福建人春节小孩子的红包全国最多###氛围感满满，真的是好喜庆呀！,高兴,
12429,福建人春节小孩子的红包全国最多###团圆过年就是幸福年这份情怀根深蒂固呀,高兴,
12430,福建人春节小孩子的红包全国最多###幸福指数很高哇,肯定,
12432,福建人春节小孩子的红包全国最多###满满的氛围感啊,感动,
12435,福建人春节小孩子的红包全国最多###非常的喜庆呀，太有感觉了,感动,
12438,福建人春节小孩子的红包全国最多###节日气氛真的很好,高兴,
12440,福建人春节小孩子的红包全国最多###真的太绝了，非常的有氛围感。,肯定,
12441,7岁女童订书钉卡进牙缝 消防员用钳子剪断卡牙###家长们要把容易被儿童误食的异物仔细收纳好哦,警惕,
12444,7岁女童订书钉卡进牙缝 消防员用钳子剪断卡牙###家长们要把容易被儿童误食的异物仔细收纳好哦,警惕,
12447,7岁女童订书钉卡进牙缝 消防员用钳子剪断卡牙###[话筒],肯定,
12450,7岁女童订书钉卡进牙缝 消防员用钳子剪断卡牙###感谢这些熊孩子，告诉了我小时候那些灵光一闪如果真的实践了是什么下场,感动,
12453,7岁女童订书钉卡进牙缝 消防员用钳子剪断卡牙###拿牙起钉，我也干过,肯定,
12456,7岁女童订书钉卡进牙缝 消防员用钳子剪断卡牙###我也咬过,搞笑,
12459,7岁女童订书钉卡进牙缝 消防员用钳子剪断卡牙###为啥不去医院,担心,
12462,"港深会逐渐融为一体,深圳香港的未来一定是光辉灿烂的###土豪呀",肯定,
12465,"港深会逐渐融为一体,深圳香港的未来一定是光辉灿烂的###还是夜宵的魅力大",期待,
12468,"港深会逐渐融为一体,深圳香港的未来一定是光辉灿烂的###吃货的世界[]",肯定,
12470,"港深会逐渐融为一体,深圳香港的未来一定是光辉灿烂的###这个很不错啊很好吃的样子啊",期待,
12471,"港深会逐渐融为一体,深圳香港的未来一定是光辉灿烂的###真的好想吃啊",期待,
12474,"港深会逐渐融为一体,深圳香港的未来一定是光辉灿烂的###太美味了，把我看饿了",期待,
12477,"港深会逐渐融为一体,深圳香港的未来一定是光辉灿烂的###就是要大吃特吃！",肯定,
12480,"港深会逐渐融为一体,深圳香港的未来一定是光辉灿烂的###太不错了，好想拥有",期待,
12483,尚宁波###麻油看着太吓人,担心,
12486,尚宁波###不幸中的万幸,肯定,
12489,尚宁波###问问美国佬怎么回事？,担心,
12492,尚宁波###有惊无险，祝平安,感动,
12495,尚宁波###真的是不幸中的万幸啊,肯定,
12498,尚宁波###吓死人了,担心,
12501,武汉汉中心的瓜好吃嘛?突然冒出来两个醉汉是什么概念###女生一个人在外面一定要小心,担心,
12504,武汉汉中心的瓜好吃嘛?突然冒出来两个醉汉是什么概念###小心一点为好记住了,警惕,
12507,武汉汉中心的瓜好吃嘛?突然冒出来两个醉汉是什么概念###大家一定要注意安全啊,警惕,
12510,武汉汉中心的瓜好吃嘛?突然冒出来两个醉汉是什么概念###女生一个人外面一定小心了,担心,
12513,武汉汉中心的瓜好吃嘛?突然冒出来两个醉汉是什么概念###就是没看懂啥意思,无所谓,
12516,武汉汉中心的瓜好吃嘛?突然冒出来两个醉汉是什么概念###女生在外面一定要注意人身安全,警惕,
12519,武汉汉中心的瓜好吃嘛?突然冒出来两个醉汉是什么概念###女生出门在外要小心,担心,
12522,@米米米@大米米米###人人都可以很美,感动,
12525,@米米米@大米米米###其实每位女性不管多大都有一颗少女心,肯定,
12528,@米米米@大米米米###祝所有中国老人活的潇洒，活的开心，活的健康，活出咱中国人的精彩！,高兴,
12531,@米米米@大米米米###老人家年轻时一定也是个气质绝佳的美女，岁月不败美人。,期待,
12534,@米米米@大米米米###无论多大年纪，都有追求美的权利,肯定,
12537,@米米米@大米米米###每个人都要为自己而活，开心就好,高兴,
12540,@米米米@大米米米###好漂亮,高兴,
12543,男子开车气到手指僵硬称孩子没了崩溃大哭向民警求助###如果是过度呼吸综合征，最要命的就是吸氧。如果没法及时去医院，就戴上口罩捂一会，减少氧气吸入,担心,
12546,男子开车气到手指僵硬称孩子没了崩溃大哭向民警求助###我每次超级暴哭的时候就这样，巧的是这三次都是被我爸气哭的，最后还说我装的[开学季],悲伤,
12549,男子开车气到手指僵硬称孩子没了崩溃大哭向民警求助###过度通气综合征是呼吸中枢调节异常，过度通气超过生理代谢所需而引起的一组症候群。常表现为呼吸困难肢体麻木头晕眼花，严重者可有晕厥抽搐等症状。发作时患者会感到心跳加速心悸出汗，因为自己感觉不到呼吸而加快呼吸，导致体内二氧化碳不断被排出而浓度过低，引起继发性的呼吸性碱中毒。,担心,
12552,男子开车气到手指僵硬称孩子没了崩溃大哭向民警求助###原来这个症状是这个名字嘛，我以前情绪激动，生气痛哭的时候手指就会缩紧抽在一起，身体会有麻痹感。不过我已经好久好久没有过这样了，这几年整体来说过得好开心,肯定,
12555,男子开车气到手指僵硬称孩子没了崩溃大哭向民警求助###过度通气造成的抽搐,担心,
12558,男子开车气到手指僵硬称孩子没了崩溃大哭向民警求助###过度呼吸综合征。好像拿个袋子稍微罩在口鼻上呼吸，过一会就能缓解了。,担心,
12561,重庆平均月薪9995元进薪酬榜前十五名###又在乱说了,无聊,
12564,重庆平均月薪9995元进薪酬榜前十五名###谁偷了我的工资？,搞笑,
12567,重庆平均月薪9995元进薪酬榜前十五名###远方传来风笛[彩虹屁],肯定,
12570,重庆平均月薪9995元进薪酬榜前十五名###3800路过，怎么说，[微笑],无所谓,
12576,重庆平均月薪9995元进薪酬榜前十五名###乱说只会害了你[],厌恶,
12579,重庆平均月薪9995元进薪酬榜前十五名###离谱他妈给离谱开门,惊讶,
12582,68年收入才能买房###日本民不聊生啦,惊讶,
12585,68年收入才能买房###国内产证90平米的套内也差不多就是六七十。,无所谓,
12588,68年收入才能买房###在深圳应该要68辈子,担心,
12591,68年收入才能买房###日本房贷利率还低，才15左右。湾湾最近也在涨利率，岛内民怨四起，但也就275啊[],无所谓,
12594,68年收入才能买房###诶，腐朽资本主义眼泪情不自禁地从嘴角流下来,搞笑,
12597,68年收入才能买房###昨天去看了个新开盘，开盘1个月冷清的很，选房记录目测只有一套有预购意愿，成都二三环之间35（按建面算），公摊17，比东京圈价格还贵了,悲伤,
12600,68年收入才能买房###霓虹没有首都[]中又赢了,高兴,
12603,女子上山找丢失狗狗 狗狗瘦了20多斤 找到后 喜极而泣###找到就好,肯定,
12606,女子上山找丢失狗狗 狗狗瘦了20多斤 找到后 喜极而泣###大家对排骨的定义不一样,无聊,
12609,女子上山找丢失狗狗 狗狗瘦了20多斤 找到后 喜极而泣###这女的看得出来很善良,高兴,
12612,女子上山找丢失狗狗 狗狗瘦了20多斤 找到后 喜极而泣###原来超怕狗。上下班认识了流浪狗球球（他被楼下主人收养了）。春节后狗狗球球又胖一圈,高兴,
12615,女子上山找丢失狗狗 狗狗瘦了20多斤 找到后 喜极而泣###找到就好啊,感动,
12618,超长自拍杆挡住烟花###没必要举自拍杆吧，烟花那么高只要仰头就能看到,厌恶,
12621,超长自拍杆挡住烟花###哈哈哈是我本人了像排队插队的我都是这样吼的,肯定,
12624,超长自拍杆挡住烟花###其实一个自拍杆倒是不影响后面看，但是真的很烦啊啊，想拍张照片都拍不好，看照片想骂人[喵喵],愤怒,
12627,超长自拍杆挡住烟花###我需要这样的朋友[苦涩],期待,
12630,超长自拍杆挡住烟花###去迪士尼看烟花前面人都把小孩架自己肩膀上然后后面啥都看不见了我说能不能把小孩放下来后面看不到了有个阿姨一开始不敢说话一个大哥开始怼我以后阿姨也嚣张了起来,肯定,
12633,超长自拍杆挡住烟花###我们上次迪士尼看表演秀，一大人把小孩架脖子上也无所谓，关键孩子还打个伞站前排，后排人一点看不到。最后忍不住吼了一声，大家都帮忙吼人家才说太阳大孩子怕晒。,愤怒,
12636,超长自拍杆挡住烟花###没必要举自拍杆吧，烟花那么高只要仰头就能看到,厌恶,
12639,跳骑马舞的维纳斯耍杂技的宇航员你准备去看看吗?###好有创意，太有看点了,高兴,
12642,跳骑马舞的维纳斯耍杂技的宇航员你准备去看看吗?###去年的成都双年展展出好多类似的作品,肯定,
12645,跳骑马舞的维纳斯耍杂技的宇航员你准备去看看吗?###确实不错啊,高兴,
12648,跳骑马舞的维纳斯耍杂技的宇航员你准备去看看吗?###创意迎合了时代,肯定,
12651,跳骑马舞的维纳斯耍杂技的宇航员你准备去看看吗?###这个山东美术馆真的是火了一波哦,高兴,
12654,跳骑马舞的维纳斯耍杂技的宇航员你准备去看看吗?###[笑][笑][笑]滑稽,搞笑,
12657,德国警方公布“二重身谋杀案”真相###好惨，那个小姐姐做错了什么！,担心,
12660,德国警方公布“二重身谋杀案”真相###二重身，想起我还没追完的吸血鬼日记,担心,
12663,德国警方公布“二重身谋杀案”真相###主要是你也跑不了啊，怎么想的,愤怒,
12666,德国警方公布“二重身谋杀案”真相###这也不像啊，没打码的地方完全不一样,搞笑,
12669,德国警方公布“二重身谋杀案”真相###想断绝关系的方式是杀人你失踪很难么？,愤怒,
12672,德国警方公布“二重身谋杀案”真相###家事发上网有点过分了夫妻都是床头吵架床尾和嘛咱们外人也不好插手的呀,愤怒,
12675,德国警方公布“二重身谋杀案”真相###大度点嘛，女人就得这样，忍一忍就过去了,悲伤,
12678,土耳其912人遇难###愿平安,悲伤,
12681,土耳其912人遇难###愿平安,悲伤,
12684,土耳其912人遇难###愿平安,悲伤,
12687,土耳其912人遇难###愿平安,悲伤,
12690,土耳其912人遇难###愿平安,悲伤,
12693,土耳其912人遇难###太狠了。,悲伤,
12696,土耳其912人遇难###愿平安,悲伤,
12699,瞅着大雪崩呼啸而来感觉###这是清理遗物发现的视频么,惊讶,
12702,瞅着大雪崩呼啸而来感觉###希望人没事,期待,
12705,瞅着大雪崩呼啸而来感觉###为啥还不跑,担心,
12708,瞅着大雪崩呼啸而来感觉###反正想跑也来不及了，不如拍个视频吧[笑],搞笑,
12711,瞅着大雪崩呼啸而来感觉###跑不掉吧？,担心,
12714,瞅着大雪崩呼啸而来感觉###鲁大猫是招财猫@鲁大猫是招财猫,惊讶,
12717,图片新闻全球眼:印度超过22亿童婚新娘###世界各地的女性各有各的不幸[苦涩],悲伤,
12720,图片新闻全球眼:印度超过22亿童婚新娘###丰县抓了几个？,愤怒,
12723,图片新闻全球眼:印度超过22亿童婚新娘###有所进步,无聊,
12726,图片新闻全球眼:印度超过22亿童婚新娘###是世界上最大的民主国家，印度人民和蔼可亲，团结友善，热于助人。[],厌恶,
12729,图片新闻全球眼:印度超过22亿童婚新娘###比美国强,肯定,
12732,图片新闻全球眼:印度超过22亿童婚新娘###冷知识美国童婚合法,无聊,
12735,图片新闻全球眼:印度超过22亿童婚新娘###几千年的事，不是你相管就管的，你看看人家西方富豪的小岛，谁敢管！[],愤怒,
12738,91岁爷爷抱91岁孙媳妇换尿不湿###这个男娃上辈子积德了,感动,
12741,91岁爷爷抱91岁孙媳妇换尿不湿###懂孝心的，这媳妇可以的,肯定,
12744,91岁爷爷抱91岁孙媳妇换尿不湿###照顾病人真的不易！辛苦了！,感动,
12747,91岁爷爷抱91岁孙媳妇换尿不湿###某社区剧情[],无所谓,
12750,91岁爷爷抱91岁孙媳妇换尿不湿###给她点赞,肯定,
12753,91岁爷爷抱91岁孙媳妇换尿不湿###男方要好好珍惜，现在这样的好女孩不多见了,肯定,
12756,91岁爷爷抱91岁孙媳妇换尿不湿###想念我外公了，老人家也是我照顾的,感动,
12759,吹不黑演技确实不错###评论里在黑周深的，谢谢大家认识周深，但是我们周深也是一步一步自己唱歌自己走到大家面前的，路上遇到的有老师有恩人有朋友，麻烦不要用这样一句话就抹去他自己所有的努力。视频里这些都是很努力在生活的人，也不要因为各位随意的一句话让人家觉得成名才是人生唯一的终点。祝大家生活愉快,期待,
12762,吹不黑演技确实不错###这腿咋这么直,惊讶,
12765,吹不黑演技确实不错###您好，恭喜您的视频荣登视频飙升榜，社会领域第18名，榜单可在【发现页视频视频飙升榜】中展示您的上榜信息，榜单小时级更新请尽快查看哦快来查看分享你的上榜视频吧榜单戳》,肯定,
12768,吹不黑演技确实不错###岑先生@岑先生宝贝儿，不怕没饭吃了哈哈哈哈哈哈,高兴,
12771,吹不黑演技确实不错###大部分对口型，真的也有，少,愤怒,
12774,吹不黑演技确实不错###0422@0422@,惊讶,
12777,"家人轰炸式催婚,你怎么看?###想到催婚就感觉挺无语的",厌恶,
12780,"家人轰炸式催婚,你怎么看?###哈哈哈，我不给家里催婚的机会",搞笑,
12783,"家人轰炸式催婚,你怎么看?###我以前也觉得烦，现在过了年纪再想去谈恋爱的，可以没了那个心思，感觉失去了少年慕艾的那种感觉。没有了心动之后不顾一切的勇气，即使心动，理智也会把我按下去可能这辈子不会再爱了[摊手]",担心,
12786,"家人轰炸式催婚,你怎么看?###我才被气到！今年我妈去世不到20几天，就有人在这段时间说了2次给我介绍相亲对象，第一次我都明说我妈去世没多久(十几天的时候）没心思考虑这方面，谁知道第二次直接把我微信推送给对方，我理都不理，一点也不尊重人（）",愤怒,
12789,"家人轰炸式催婚,你怎么看?###我朋友跟她爸妈说再催婚就随便找个人闪婚",无所谓,
12792,"家人轰炸式催婚,你怎么看?###老一辈人对年轻人的想法不理解",愤怒,
12795,"家人轰炸式催婚,你怎么看?###真的是太南了",悲伤,
12798,土耳其大批运动员被埋废墟!14名女排球员失联###看着好揪心！,悲伤,
12801,土耳其大批运动员被埋废墟!14名女排球员失联###我记得中国女排朱婷好像打过土耳其联赛，不知道还在打没,担心,
12804,土耳其大批运动员被埋废墟!14名女排球员失联###是拦截辽宁舰的那个土耳其？,愤怒,
12807,土耳其大批运动员被埋废墟!14名女排球员失联###好心疼啊,悲伤,
12810,土耳其大批运动员被埋废墟!14名女排球员失联###灾难面前人类好渺小，为土耳其民众祈祷平安！,悲伤,
12813,土耳其大批运动员被埋废墟!14名女排球员失联###希望平安,悲伤,
12816,土耳其大批运动员被埋废墟!14名女排球员失联###祝平安！,悲伤,
12819,"太离谱了,前女友怎么都认识[]###额，这个还是太无语了，看着很尴尬",无聊,
12822,"太离谱了,前女友怎么都认识[]###真是没啥意思",无聊,
12825,"太离谱了,前女友怎么都认识[]###我感觉这样不好吧",担心,
12828,"太离谱了,前女友怎么都认识[]###就离谱了，烦人",愤怒,
12831,"太离谱了,前女友怎么都认识[]###真的太离谱了啊",愤怒,
12834,"太离谱了,前女友怎么都认识[]###这就有点过了哈",愤怒,
12837,网友求助###图片评论,,
12840,网友求助###回4癫痫的话，南京这边的脑科医院可以来试试（不知道博主是哪里的了,期待,
12843,网友求助###我买的7楼也没见飞黄腾达，八楼也过的挺好。,无所谓,
12846,网友求助###第三个姐妹大可不必封建迷信自己喜欢最重要！,肯定,
12849,网友求助###虽然我不是8楼但我觉得8楼没啥挺好的,无所谓,
12852,网友求助###玩偶那个原谅我笑了，哈哈哈，我儿子一岁多的时候在海底捞给了个迷彩色的小车，他就特别迷恋那个小汽车，干什么都在手里抓着，一直到三岁多都把轮胎的橡胶盘掉了，迷彩色也掉了，我就也在网上找了很久没找到一样的，但是没过多久他就迷恋奥特曼了[喵喵],搞笑,
12855,网友求助###2的话，只能说确实各个地区的韵达都出问题了,悲伤,
12858,女记者梁旭毛思倩(高清组图)####流动的中国活力#,肯定,
12861,女记者梁旭毛思倩(高清组图)###[拳头][拳头],愤怒,
12864,女记者梁旭毛思倩(高清组图)###通关就通关啊，就香港那些高高在上的服务态度，,愤怒,
12867,女记者梁旭毛思倩(高清组图)###又可以往来啦,期待,
12870,女记者梁旭毛思倩(高清组图)###至少耽误一年，别再封了,厌恶,
12873,双胞胎姐妹长大当医生###还记得多年前看到过这个分离手术成功的新闻，两个孩子岁岁平安！,感动,
12876,双胞胎姐妹长大当医生###医学发展真好啊,感动,
12879,双胞胎姐妹长大当医生###十四岁就1，63，我二十四岁已经定格在1，62了,悲伤,
12882,双胞胎姐妹长大当医生###太伟大了太伟大了,感动,
12885,双胞胎姐妹长大当医生###幸运呀,感动,
12888,观点·博客·南之默###谁得利，谁承担了创新失败的代价[开学季],无所谓,
12891,观点·博客·南之默###教授越来越像资本代言人了，科技在管理治理中的作用，多搞本专业不香吗？几年前，就是看到你的几篇小文，感觉眼前一亮关注上的。,厌恶,
12894,观点·博客·南之默###想问于老师，如果你有闲钱，有人来向你推销深理房之类的东西，你会买吗？,警惕,
12897,观点·博客·南之默###楼主脱离方向已经成极端自由化典型了。开放可以思维以及体制等等都可以，但是出问题的就要纠偏，,担心,
12900,观点·博客·南之默###聪明人从改革中得利，老实人从改革中吃亏。,愤怒,
12903,观点·博客·南之默###用一块钱借到1一百块就是你眼里的创新，。郁金香的事情都过去多少年了，这么拙劣的手法居然还有人看不穿？,愤怒,
12906,实时热词:梨花瓶###偷1000件，难免会有一件漏网之鱼，各位不要介意[],愤怒,
12909,实时热词:梨花瓶###刻得字都不是韩国字，还有脸申遗,愤怒,
12912,实时热词:梨花瓶###偷国正常操作[笑],厌恶,
12915,实时热词:梨花瓶###丢人显眼,愤怒,
12918,实时热词:梨花瓶###有梨花就是王室造的,肯定,
12921,实时热词:梨花瓶###中国人制造了韩国人韩国人制造了全世界,搞笑,
12924,实时热词:梨花瓶###到处偷,愤怒,
12927,土耳其一天内两次78级强震###正式测定为78级。震中在安纳托利亚板块（亚欧板块的次级板块）和阿拉伯板块间的东安纳托利亚断裂带，是与北京时间上午78级地震相关联的强震群（没有突出主震）。毫无疑问将是对当地极其严峻的影响祝愿平安,悲伤,
12930,土耳其一天内两次78级强震###这不是余震吧和512那次一样了吧,担心,
12933,土耳其一天内两次78级强震###看了一眼时间，我震惊希望伤亡少一点吧[苦涩]人类在天灾面前好渺小,悲伤,
12936,土耳其一天内两次78级强震###土耳其也是美国的走狗，想当年我们向乌克兰购买辽宁舰，也就是瓦良格号航母，经过黑海海峡，土耳其勒索中国10亿美金风险保证金，最终由希腊政府担保，才顺利回国。感谢希腊。。,感动,
12939,土耳其一天内两次78级强震###土耳其是个爱猫的国家，愿土耳其人和土耳其猫平安,期待,
12942,土耳其一天内两次78级强震###四川人都怕了,悲伤,
12945,元宵节###书干净的程度大学高中小学初中,搞笑,
12948,元宵节###小学时候还要检查书皮包没包。。,担心,
12951,元宵节###没有经历过,无所谓,
12954,元宵节###懒成这样了吗自己动动手都不愿意了,厌恶,
12957,元宵节###这些书，就应该做成硬皮，健康又环保，不知道教育部门怎么想的,愤怒,
12960,元宵节###初中高中开学第一个晚修给书皮了，再跟一学期不见的同学唠唠嗑，过渡过渡不然反差太大难受。里面记得满满的，外面还是很好很新。,感动,
12969,庙里求姻缘对过路帅哥一见钟情###偶遇谁？,惊讶,
12978,庙里求姻缘对过路帅哥一见钟情###我的都是真的@我的都是真的你也可以,期待,
12984,庙里求姻缘对过路帅哥一见钟情###神明分配的男朋友,期待,
12987,"孩子还这么小,以后该怎么办啊###[苦涩][苦涩]",悲伤,
12990,"孩子还这么小,以后该怎么办啊###太惨了他的人生才刚刚开始",担心,
12996,"孩子还这么小,以后该怎么办啊###可怜的孩子",悲伤,
13002,开心快乐的场面###司机也是个会锣鼓的，点都在谱上。,肯定,
13005,开心快乐的场面###他是懂秧歌的,搞笑,
13008,开心快乐的场面###还你呼我应的哈哈,高兴,
13014,开心快乐的场面###之前还刷到在锣鼓位置直拍的,搞笑,
13020,开心快乐的场面###哈哈哈哈哈哈哈太好玩了,高兴,
13023,观点·博客·南之默###我觉得核心是这类画面经常和政府会议联系在一起才观感不佳的。公众认为政府会议不宜讲这种排场，追求这种会务服务。,担心,
13026,观点·博客·南之默###有人不是对专业服务有意见，是对自己享受不到服务有意见[开学季],厌恶,
13032,观点·博客·南之默###批评者应该是没参加过大型会议的,无所谓,
13038,观点·博客·南之默###倒水提高会议档次？？,愤怒,
13041,"老兵参观消防站,给大叔塞了大红包###[话筒]",期待,
13044,"老兵参观消防站,给大叔塞了大红包###[话筒][话筒]",期待,
13050,"老兵参观消防站,给大叔塞了大红包###[话筒]",期待,
13056,"老兵参观消防站,给大叔塞了大红包###[话筒][话筒]",期待,
13059,《天下》2012年第43期上线###这个分管的负责人真的是个人才，而且是大大的人才[笑],愤怒,
13062,《天下》2012年第43期上线###人才[微笑],厌恶,
13068,《天下》2012年第43期上线###但凡身高过180的是不是站着就能被人看到屁股蛋啦,厌恶,
13074,《天下》2012年第43期上线###好尴尬,厌恶,
13077,《天下》2012年第43期上线###原来拉屎动作都是统一的啊,惊讶,
13080,街头采访:省小钱才能攒大钱小钱省的好###新年新气象，开门就见红[2023]！热点已确立，跟庄不跟庄[冲刺]。#入手涨停#中农联合节后布局收货1板[中国赞]下周能否走妖？跟她没有亏损的股[上岸],期待,
13086,街头采访:省小钱才能攒大钱小钱省的好###我每天都去全家,无所谓,
13092,街头采访:省小钱才能攒大钱小钱省的好###就像妈妈说的，生活要懂得开源节流,肯定,
13095,街头采访:省小钱才能攒大钱小钱省的好###简单一句就是多多留意优惠信息！,肯定,
13098,放烟花鞭炮这事儿理想方案彻底不放现实的最优方案###什么烟花有这么大威力。。,厌恶,
13104,放烟花鞭炮这事儿理想方案彻底不放现实的最优方案###限制烟花爆竹种类，特别是威力大的。小时候都是玩小鞭，最多二踢脚，烟花也是呲花为主,担心,
13113,放烟花鞭炮这事儿理想方案彻底不放现实的最优方案###肇事者那句妥善处理真的气到我了。事已至此，哪里还有什么妥善,愤怒,
13122,姐妹们遇到了一个很离谱的事情###好无语老婆到成都没有,厌恶,
13131,姐妹们遇到了一个很离谱的事情###我靠我也遇到过这样子的司机！真的把我气晕了！下车直接举报拉黑,愤怒,
13140,"图一乐:平均月薪100万,其他九户穷光蛋,个个都特么10万!###当样量本足够大时，其均值的分布近似服从正态分布",无所谓,
13149,"图一乐:平均月薪100万,其他九户穷光蛋,个个都特么10万!###应该统计一下底层人均工资是多少",担心,
13158,90岁爷爷和5岁孙子对话:长大管谁叫爷爷###你长大了，我就没了一句话破防,感动,
13167,90岁爷爷和5岁孙子对话:长大管谁叫爷爷###时光慢点吧,感动,
13176,今年雨水贵如油 希望今年风调雨顺###只要不出太阳，天都黑了，感觉成都产煤,厌恶,
13185,今年雨水贵如油 希望今年风调雨顺###冬天空气太差了,厌恶,
13194,壹基金首次使用菜鸟公益物资数字化追踪系统###[送花花],高兴,
13203,壹基金首次使用菜鸟公益物资数字化追踪系统###追踪系统很棒,肯定,
13212,互联网亲戚们你们好###合肥？,惊讶,
13221,互联网亲戚们你们好###哈哈还以为你跑合肥去了,搞笑,
13230,互联网亲戚们你们好###没关系，合肥日常堵车[笑],搞笑,
13239,直播淫秽色情10个月赚70多万###从平台，到机构，到个人，肯定有完整产业链的,警惕,
13248,直播淫秽色情10个月赚70多万###我还有机会当鉴赏（）鉴黄师,搞笑,
13257,你的月收入破5000了吗?###这次没有拖后腿我没有突破五千跟着大部队走呢,搞笑,
13266,你的月收入破5000了吗?###还好了，也就不到一万，月薪两千八，每天笑哈哈[],搞笑,
13275,河门口派出所开展反诈宣传森林草原防灭火宣传禁毒宣传###[话筒][话筒],期待,
13284,河门口派出所开展反诈宣传森林草原防灭火宣传禁毒宣传###共同关注[话筒][话筒],期待,
13293,沪上6荤5素1汤###这价格真香啊,期待,
13302,沪上6荤5素1汤###我选择自己动手做[笑哈哈]饭,搞笑,
13311,沪上6荤5素1汤###真不错对于爱好吃，懒得做，的人的很友好,高兴,
13320,"【33小时火车悄悄回家看父母,母亲大叫一声后哭了我的妈###慈母手中线，游子身上衣",感动,
13329,"【33小时火车悄悄回家看父母,母亲大叫一声后哭了我的妈###可是，为什么会没有儿子的电话",惊讶,
13338,【每日一评###遭受苦难的时候怎么没见媒体站出来？,愤怒,
13347,【每日一评###每个年轻人都要经历从好好演一个人到好好做一个人的蜕变。这世界是不讲理的，但你想要什么样的世界就只能顺从那个世界的规则。,愤怒,
13356,消失的麻木都去哪里了?###以前蹬麻木的很不容易！,愤怒,
13365,消失的麻木都去哪里了?###[浪][浪][浪][浪],愤怒,
13374,女子骑电动车发生事故后撒泼不配合执法###法盲小小交通事故，弄成妨碍公务罪,厌恶,
13383,女子骑电动车发生事故后撒泼不配合执法###职业病犯了挡不住，都扒衣服了！要是普通人遇上这号的，早扒回去了,愤怒,
13392,双胞胎姐妹长大当医生###幸运生在医疗技术发达的现代,高兴,
13401,双胞胎姐妹长大当医生###好好生活！,高兴,
13410,广东佛山市三水区附近发生35级左右地震###坐着马桶呢，一直在摇晃，我说地震了我老婆说我发神经,惊讶,
13419,广东佛山市三水区附近发生35级左右地震###看着美团突然感到晃了几下，还以为饿得头晕[笑],搞笑,
13428,观点·Airbnb奇屋可居###呜哇我这么边缘蹭饭的人都能上黑名单真是有够细心的失敬失敬虎摸小花老师少看点微博为好,无所谓,
13437,观点·Airbnb奇屋可居###吃好喝好！天天开心！！老师的画真的很可爱给我带来了快乐网络本来就是鱼龙混杂，如果给你带来的烦恼大过快乐就远离吧，自己开心最重要,警惕,
13446,毅文定淇###这也是一家奇葩,厌恶,
13455,毅文定淇###怎么能这样,愤怒,
13464,视界周刊2013年第43期上线###接受不了，特别是一群男人抱来抱去的，可怕！,厌恶,
13473,视界周刊2013年第43期上线###不能离地还是不能挨地？,无所谓,
13482,视界周刊2013年第43期上线###你们家这规矩，不要扯湖北啊[哆啦梦害怕],担心,
13491,土耳其昨天发生的75级地震有多可怕###我靠，地光！,担心,
13500,土耳其昨天发生的75级地震有多可怕###[蜡烛],悲伤,
13509,不是胖才有双下巴###我偶尔加油会用现金哈哈哈。平时真的不用,无所谓,
13518,不是胖才有双下巴###唯有美食不可辜负,搞笑,
13527,哇!世界充满爱###医学真先进,感动,
13536,哇!世界充满爱###好棒！,高兴,
13545,土耳其附近发生80级左右地震###土耳其这两天和西方国家搞得面红耳赤，不知道后续这个国家会不会还有更意想不到的举动。[哆啦梦害怕],担心,
13554,土耳其附近发生80级左右地震###有另一个啊,惊讶,
13563,实现童年梦想!村民自制小火车带全村人在村里溜达###他喵的这么好玩，我想玩,期待,
13572,实现童年梦想!村民自制小火车带全村人在村里溜达###我也想做,期待,
13581,中国新闻周刊2013年第43期上线###这男司机怎么能这样？简直就是危害公共安全,愤怒,
13590,中国新闻周刊2013年第43期上线###可以这样吗,惊讶,
13599,中国新闻周刊2013年第43期上线###不会吧辅助驾驶开了不是隔一两分钟需要你挪动一下方向盘吗不然会报警,愤怒,
13608,武汉汉中心的瓜好吃嘛?突然冒出来两个醉汉是什么概念###女生一个人外面一定小心了,担心,
13617,武汉汉中心的瓜好吃嘛?突然冒出来两个醉汉是什么概念###真的挡不住美食的诱惑啊我又沦陷了,无所谓,
13626,"【""碟子是特制的,赚不到钱,将向领导反映###碟子特制也能成为理由[]",厌恶,
13635,"【""碟子是特制的,赚不到钱,将向领导反映###碟子是用一次就摔了么？[]",惊讶,
13644,土耳其拉蒂亚震群型地震第二次强震来袭时情景拍摄###路边还有雪，晚上气温低被埋者更是难以支持，保佑被埋的幸存者能撑到救援到来,担心,
13653,土耳其拉蒂亚震群型地震第二次强震来袭时情景拍摄###遥望漉雪千山都过尽@遥望漉雪千山都过尽,无所谓,
13662,"【2月7日,唐小强在土耳其的地震中被埋在废墟之下###一定要平安啊",担心,
13671,"【2月7日,唐小强在土耳其的地震中被埋在废墟之下###现在还是没有一点消息吗",担心,
13680,"【2月7日,唐小强在土耳其的地震中被埋在废墟之下###天啊？？还没联系上吗？",担心,
13686,"乘客睡醒后遭的哥输出:开200公里到廉江,放屁都没有声音,你以为你是高启强啊!###就不能把窗户开开吗？司机业太惨了",悲伤,
13689,"乘客睡醒后遭的哥输出:开200公里到廉江,放屁都没有声音,你以为你是高启强啊!###那个司机也挺可怜的，到达目的地，一路上还得闻他味哈哈哈哈要是我，直接把他丢出去了",搞笑,
13692,"乘客睡醒后遭的哥输出:开200公里到廉江,放屁都没有声音,你以为你是高启强啊!###哈哈哈，怎么感觉那么搞笑，放屁都不行了",搞笑,
13698,"乘客睡醒后遭的哥输出:开200公里到廉江,放屁都没有声音,你以为你是高启强啊!###司机说的很对呀",肯定,
13704,热爱生活不分年龄###一辈子单身,无所谓,
13707,热爱生活不分年龄###老奶奶年纪这么大还有这么好的身体,肯定,
13710,热爱生活不分年龄###這位老奶奶年輕時也應該相當漂亮,肯定,
13716,热爱生活不分年龄###老人家收拾的太干净了。,肯定,
13722,又是好大雾有雨的一天多地出现能见度小于200米雾###有雾，7点天才亮,无所谓,
13725,又是好大雾有雨的一天多地出现能见度小于200米雾###早晨阿花[兔子][兔子],高兴,
13728,又是好大雾有雨的一天多地出现能见度小于200米雾###早啊花儿同学,高兴,
13734,又是好大雾有雨的一天多地出现能见度小于200米雾###麻烦尽快安排上太阳,期待,
13740,又是好大雾有雨的一天多地出现能见度小于200米雾###早晨花花,,
13743,印度一只老鼠偷走钻石项链监控拍下事发经过###杰瑞？！,惊讶,
13746,印度一只老鼠偷走钻石项链监控拍下事发经过###有点意思[笑],搞笑,
13752,印度一只老鼠偷走钻石项链监控拍下事发经过###鼠鼠我最爱了,高兴,
13758,印度一只老鼠偷走钻石项链监控拍下事发经过###鬼扯，绝对人捣鬼。,警惕,
13761,"清明上河园游玩灯不慎落水,恰好遇见消防员###[话筒][话筒]",期待,
13764,"清明上河园游玩灯不慎落水,恰好遇见消防员###[话筒][话筒][话筒][话筒]",,
13779,"清明上河园游玩灯不慎落水,恰好遇见消防员###[话筒][话筒]",期待,
13788,中国新闻周刊2013年第43期上线###男司机就这样？躺那睡觉？？？,愤怒,
13794,中国新闻周刊2013年第43期上线###我霹雳游侠都不敢睡觉,担心,
13797,中国新闻周刊2013年第43期上线###胆真大,愤怒,
13806,晚安呀你吃肠粉喜欢加蛋还是加肉?###晚安[月亮],无所谓,
13812,晚安呀你吃肠粉喜欢加蛋还是加肉?###东东晚安[团圆兔],,
13815,晚安呀你吃肠粉喜欢加蛋还是加肉?###晚安[团圆兔],无所谓,
13818,晚安呀你吃肠粉喜欢加蛋还是加肉?###晚安啦,,
13824,一场山火一场旱灾一场物种的灭绝###我也中签了，地下城等你,期待,
13830,一场山火一场旱灾一场物种的灭绝###地址呢[喵喵][喵喵],警惕,
13833,一场山火一场旱灾一场物种的灭绝###欢迎来到杭州地下城,搞笑,
13836,"都开始偷丝绸之路了,衣服染料都用不起的白衣民族,桑树都种不活的破地方###我们国家对这方面跟死了一样",愤怒,
13842,"都开始偷丝绸之路了,衣服染料都用不起的白衣民族,桑树都种不活的破地方###他妈的（）几个字都是英语的音译来的，他们韩语都没这几个字，还好意思说丝绸之路是他们的，笑死人",愤怒,
13848,"都开始偷丝绸之路了,衣服染料都用不起的白衣民族,桑树都种不活的破地方###11，明年龙年了龙他们怎么偷啊。。[哆啦梦害怕]不是，他们怎么敢的啊",愤怒,
13851,"都开始偷丝绸之路了,衣服染料都用不起的白衣民族,桑树都种不活的破地方###紫光阁@紫光阁外交部@外交部出手管管吧",愤怒,
13854,"都开始偷丝绸之路了,衣服染料都用不起的白衣民族,桑树都种不活的破地方###一个没有北的国家",,
13860,网友热议延迟退休肺腑之言###60大寿还得跟领导请假,愤怒,
13866,网友热议延迟退休肺腑之言###别苦了，我们5060年代的苦你们见都见过，工资低几十元，吃粮一月二十几斤还什么都要票，就那样还要上养老下养小，有谁叫苦了。可你们生在红旗下長在新社会，就现条件你们只要努工作，工资高，物质不缺，你们还在上啃老，千方百计要点划了点，两口子工作现物质丰富想吃什么买什么，年青人要滿足。,愤怒,
13869,网友热议延迟退休肺腑之言###说白了就是欧美靠对外扩张，掠夺资源保证国家高速发展，中国历来不主张对外扩张，不压迫别国，所以只能内部卷生卷死了[微笑],厌恶,
13878,土耳其78级地震####直击土耳其地震救援现场#平安,担心,
13884,土耳其78级地震####直击土耳其地震救援现场#好吓人17年也经历过地震,担心,
13887,土耳其78级地震####直击土耳其地震救援现场#经历08汶川，原平安,担心,
13890,土耳其78级地震####直击土耳其地震救援现场愿平安,期待,
13896,知情人谈郭美美事件###商家回应称已补全重量并道歉[话筒],肯定,
13902,知情人谈郭美美事件###四舍五入前先把单位换成克，谢谢,肯定,
13905,知情人谈郭美美事件###差了40，50是一两，有个词叫缺斤短两,厌恶,
13908,知情人谈郭美美事件###说风凉话的，祝你买所有东西也缺斤少两,愤怒,
13914,知情人谈郭美美事件###斤斤计较果然还是女人在行。[笑][笑],肯定,
13920,男子醉驾撞车逃逸父母称他还小###[话筒][话筒][话筒][话筒],,
13923,男子醉驾撞车逃逸父母称他还小####平安2023#,担心,
13926,男子醉驾撞车逃逸父母称他还小###[话筒][话筒][话筒]关注微博资讯[话筒][话筒],,
13932,男子醉驾撞车逃逸父母称他还小###[话筒],期待,
13941,在自然灾害面前好渺小[伤心]###平平安安,悲伤,
13944,在自然灾害面前好渺小[伤心]###珍惜当下,担心,
13950,在自然灾害面前好渺小[伤心]###愿平安,悲伤,
13956,今天赣州这些人还不能返岗复工!警方重要提醒###一定要提高800个心眼子。,警惕,
13959,今天赣州这些人还不能返岗复工!警方重要提醒###一定要将这些不法分子绳之以法。,愤怒,
13962,今天赣州这些人还不能返岗复工!警方重要提醒###打击违法犯罪。,警惕,
13968,今天赣州这些人还不能返岗复工!警方重要提醒###不能抱有侥幸心理。,警惕,
13974,环球时报:“台湾自由行”不能出现在大陆正规媒体上###台湾媒体的用词真的是就挺油腻的。,厌恶,
13977,环球时报:“台湾自由行”不能出现在大陆正规媒体上###你说他明妃也成，庙伴也成,无所谓,
13980,环球时报:“台湾自由行”不能出现在大陆正规媒体上###可能他们的认知觉得像乌克兰那样成为欧洲子宫才是获得自由,警惕,
13986,环球时报:“台湾自由行”不能出现在大陆正规媒体上###古代也很尊重女性自由，都会有专门场所供男人取乐女人卖淫,搞笑,
13992,职场人回乡就业意愿高###现在的工资基本上差不得，犯不上背井离乡了,警惕,
13995,职场人回乡就业意愿高###大城市不会有更高的生活质量,肯定,
13998,职场人回乡就业意愿高###月薪三千不回家图啥[],愤怒,
14004,职场人回乡就业意愿高###返乡就业逐渐成了新的趋势,肯定,
14010,职场人回乡就业意愿高###每个人都有自己的选择，陪在家人身边工作也挺好的,警惕,
14013,元宵节###小学经常包，初中开始就裸皮[],高兴,
14022,元宵节###我一般就用胶带包一下书的正反四个角就行，我喜欢书的本色而且好认,无所谓,
14031,"爷爷劝孙女回国工作,感觉果然是老一辈人会说出的话啊###回复退订，博主本人还挺清醒的",肯定,
14040,"爷爷劝孙女回国工作,感觉果然是老一辈人会说出的话啊###也不知道是谁走入迷途了呵呵呵呵",厌恶,
14049,"夫子庙灯会,武警部队筑人墙守护游客安全感爆棚###致敬人民子弟兵",肯定,
14058,"夫子庙灯会,武警部队筑人墙守护游客安全感爆棚###辛苦了",感动,
14067,"夫子庙灯会,武警部队筑人墙守护游客安全感爆棚###以信仰诠释忠心，以行动践行使命。",肯定,
14076,我国地震记录中曾连续发生两次7级以上强震###95级？？？我直接跪了,担心,
14085,我国地震记录中曾连续发生两次7级以上强震###是不是还有一次6几的余震？,惊讶,
14094,餐厅回应89元牛腩番茄仅几块肉###已经迫不及待的等不及了,期待,
14103,餐厅回应89元牛腩番茄仅几块肉###看上去很好吃哦[作揖],搞笑,
14112,男孩赶通宵寒假作业一觉醒来自家狗子全部撕碎###他哭的是早知道不通宵了,搞笑,
14121,男孩赶通宵寒假作业一觉醒来自家狗子全部撕碎###狗狗的表情好傲娇,搞笑,
14130,邻居在配合给孩子治疗###要是你看到出车祸的事不是说，其实都不开车也行，安全教育很重要,担心,
14139,邻居在配合给孩子治疗###截肢已经属于重伤，过失致人重伤应当受到刑法惩罚，另外谁生产谁购买，罚到倾家荡产就消停了,愤怒,
14148,正在直播!一起关注!的微博直播###对土耳其一直无感，特别是年前看了第一艘航母回国之路坎坷，虽然百姓受灾。,无所谓,
14157,正在直播!一起关注!的微博直播###人压在石头底下，快争分夺秒吧，别说这么多秀的官话了,厌恶,
14166,正在直播!一起关注!的微博直播###平安归来,担心,
14175,第一盾护航向未来###创新与智慧同行,肯定,
14184,第一盾护航向未来###湖南联通@湖南联通#创新与智慧同行#联通专线无忧依托墨攻安全运营服务平台，为广大客户提供托管式网络安全防护，不让佳节变加劫！,肯定,
14193,中国企业科创力百强华为、腾讯、阿里、百度、网易、美团、小米上榜!###台积电谢谢！,高兴,
14202,中国企业科创力百强华为、腾讯、阿里、百度、网易、美团、小米上榜!###台积电？？？不是美国公司吗？,惊讶,
14211,春节我在岗联通千万家####百倍用心10分满意#【春节我在岗联通千万家智家工程师书写敬业福】,无所谓,
14220,春节我在岗联通千万家###百倍用心，十分满意。,高兴,
14229,羊城晚报:羊城晚报###有正常鉴赏水平的人都不会认错，是小编文化水平问题，跟跟大多数人跟李白没关系，喝不了大酒，学诗别学李白,厌恶,
14238,羊城晚报:羊城晚报###人类因需求创造,肯定,
14247,马云曾说过有情绪的时候要稍微停一停!千万不要轻易放弃!###坚持是很难的放弃很容易,肯定,
14256,马云曾说过有情绪的时候要稍微停一停!千万不要轻易放弃!###独立思考,警惕,
14265,马云曾说过有情绪的时候要稍微停一停!千万不要轻易放弃!###有情绪的时候就要稍微停一下,无所谓,
14274,自媒体行业对于普通人来讲已是最公平的竞争赛道###从没有下载豆音的飘过，我每次和我爸妈在一起听到我爸妈开豆音外放我就脑瓜子嗡嗡的,厌恶,
14283,自媒体行业对于普通人来讲已是最公平的竞争赛道###我也羡慕,期待,
14292,"4个搬运国外剧集的小公司,能引来国外6大巨头联手起诉,也是挺大炮打蚊子的###这到底是怎么回事儿",惊讶,
14301,"4个搬运国外剧集的小公司,能引来国外6大巨头联手起诉,也是挺大炮打蚊子的###精神食粮我的，不要啊",搞笑,
14310,学校东北角新增加基站施工完成###自提点阿恢复自提点吧,期待,
14319,学校东北角新增加基站施工完成###自提点自提点[苦涩],愤怒,
14328,时代少年团贺峻霖作品###现在怕切不完，而不是抢不到,期待,
14337,时代少年团贺峻霖作品###谁不买！被我背刺,期待,
14346,时代少年团贺峻霖作品###就一点，买单封对贺峻霖帮助最大，这足以让我全力冲单封了。越多人蹲点秒切，被卡单的几率越小。,期待,
14355,服了时间对的浪费了一个号这个号昨天没进去可恶###立春那天免单了，昨天没搞，今天能参加吗，就一个号,担心,
14364,服了时间对的浪费了一个号这个号昨天没进去可恶###第二场啥时候[笑][笑],期待,
14373,滑手日记:元宵佳节快乐###挺好，每个月都上不去,搞笑,
14382,滑手日记:元宵佳节快乐###好厉害,高兴,
14391,查询我只有489个诶###我只拉黑了三个骂教员的极端,无所谓,
14400,查询我只有489个诶###我只有三个还是我太宽容了我明明记得遇到很多不礼貌的,惊讶,
14409,"执行力比我还强,还可怕的人###喵子冲！！！录了视频还能顺带发",肯定,
14418,"执行力比我还强,还可怕的人###太佩服执行力强的人了",肯定,
14427,欢乐熊出没###反正我觉得你不炒股票就不用太去在意它[笑],无所谓,
14436,欢乐熊出没###看样子确实有点意思，有朋友试过了吗？,期待,
14445,《兔兔拜年》第1期:微博综合影响力20###哇好棒,高兴,
14454,《兔兔拜年》第1期:微博综合影响力20###确实太优秀了，支持一下,肯定,
14463,《兔兔拜年》第1期:微博综合影响力20###2023一定要加油啊,期待,
14472,限制投屏三台设备登录被封号爱奇艺会员为什么不尊贵了?###的权益受到了侮辱性侵犯,愤怒,
14481,限制投屏三台设备登录被封号爱奇艺会员为什么不尊贵了?###想念暴风了,悲伤,
14490,"饿了么加抖音,外卖三巨头?估计马上会有一波让利活动!###飞哥你平常会点外卖吗都用什么",期待,
14499,"饿了么加抖音,外卖三巨头?估计马上会有一波让利活动!###外卖又添加一位",高兴,
14508,收藏数量会影响闲鱼物品曝光度吗?###有种自己的东西快要卖掉了但是又一直卖不掉被人吊着的感觉[微笑],愤怒,
14517,收藏数量会影响闲鱼物品曝光度吗?###让我想到了一些樱花妹也不让人煤炉也是说一次涨价一次[笑],搞笑,
14526,传俞敏洪父母定居温哥华###孩子在加拿大长大？难道国内的教育不行？,惊讶,
14535,传俞敏洪父母定居温哥华###天天看到的，都是国外水深火热，可是富人都往国外跑。,无所谓,
14544,聊天机器人:一个产品经理都逃不掉的失业焦虑###问请选择以下谁的建议更靠谱？专家。。。抢答，我选。,愤怒,
14553,聊天机器人:一个产品经理都逃不掉的失业焦虑###打工人的饭碗以后怎么能保得住啊,担心,
14562,聊天机器人:一个产品经理都逃不掉的失业焦虑###比专家靠谱,肯定,
14571,"六六我,六六我###安欣居然是攻位",惊讶,
14580,"六六我,六六我###图片评论",无所谓,
14589,喜欢听抖音念书吗###我就是因为这个过年的时候入坑了一本然后好不容易找到免费的结果看着看着发现是连载[裂开][裂开][裂开]现在每天就等着作者更三章[裂开][裂开][裂开][裂开],无聊,
14598,喜欢听抖音念书吗###我有会员[]我听完会去看后面哈哈,高兴,
14607,《兔兔拜年》第1期:微博综合影响力20###太棒了，2023大家一起浪,高兴,
14616,《兔兔拜年》第1期:微博综合影响力20###2023继续加油,高兴,
14625,计入绝佳临场反应的一秒###看到不小心踩下去还有点担心哈哈，好可爱呀蹦蹦跳跳的就找到啦！真的好有活力呀宝宝好适合这首歌[哇][哇],高兴,
14634,计入绝佳临场反应的一秒###我看到吓一跳，他还蹦蹦跳跳的唱[苦涩][苦涩]好棒,高兴,
14643,手机屏幕出错?快去修复吧!###这问题可不小快点修,担心,
14652,手机屏幕出错?快去修复吧!###这不就是绿信客户端团队的无障碍没适配好吗,愤怒,
14661,手机屏幕出错?快去修复吧!###是我喜欢的,高兴,
14670,芝麻馅是不是非牛顿流体###黑芝麻汤圆是真的好吃,肯定,
14679,芝麻馅是不是非牛顿流体###多相流。真研究起来还是很复杂,无聊,
14688,又想起来虎牙那个上榜的了###恭喜哈哈哈,高兴,
14697,又想起来虎牙那个上榜的了###我也是哈哈哈哈哈哈哈,高兴,
14706,花呗莫名其妙就被关停了###我早就走了，都三年前的事了,无所谓,
14715,花呗莫名其妙就被关停了###冻了就冻了吧，物理帮你戒掉花未来钱的想法,无所谓,
14724,卧槽:不知道对饿了么和美团冲击大不大###鹬蚌相争，渔翁得利，我们就是渔翁,期待,
14733,卧槽:不知道对饿了么和美团冲击大不大###消费者能得到好处就行了,无所谓,
14742,【每日一评###卧槽啊,惊讶,
14751,【每日一评###爱吃鱼@爱吃鱼老家被端了,警惕,
14760,【每日一评###完犊子了,悲伤,
14769,文心一言将嵌入搜索服务###这样有点期待了呀，不知道有哪些功能这个软件,期待,
14778,文心一言将嵌入搜索服务###我也是很期待越来越智能越来越方便。,期待,
14787,第一盾护航向未来###安全第一盾护航向未来,肯定,
14796,第一盾护航向未来###创新发展,肯定,
14805,观点·博客·陶冬###内部解决。但是要解决。是这个意思。,无所谓,
14814,观点·博客·陶冬###都不知道发生了啥,无所谓,
14823,有点惊人了吧!2个月就超过1亿用户了###这个超好的呀。,高兴,
14832,有点惊人了吧!2个月就超过1亿用户了###这真的是太高科技了,高兴,
14841,苹果考虑将高端价格推高方法###库克看着之前15的渲染图感觉有点奇怪，不知道实物图会怎样,惊讶,
14850,苹果考虑将高端价格推高方法###苹果的传输问题真是有待解决与提高的,担心,
14859,苹果考虑将高端价格推高方法###我都没有传过，因为我不太会弄,无所谓,
14868,今日兔单第四场3场到底17点53还是54不懂了吉祥物发图###啊白让我激动了,悲伤,
14877,今日兔单第四场3场到底17点53还是54不懂了吉祥物发图###成绩好的应该会四舍五入吧,期待,
14886,服了时间对的浪费了一个号这个号昨天没进去可恶###不要贪心换个设备继续,无所谓,
14895,服了时间对的浪费了一个号这个号昨天没进去可恶###同一个号同一个设备免了一次一天还能免第二次吗,担心,
14904,收藏数量会影响闲鱼物品曝光度吗?###明知道一堆人都看到自己的商品页了但还是卖不出去之后的破防而已,无所谓,
14913,收藏数量会影响闲鱼物品曝光度吗?###大家都快去收藏[]助力卖家涨个1，看谁买[],搞笑,
14922,工智能写医学科普可能已经超过多数中国医生###如果论文抄袭不违法，那普通医生也能整理出来，不过速度没这么快,无所谓,
14931,工智能写医学科普可能已经超过多数中国医生###确实有网友曝光了一些潜移默化替换中国文化的一些词语。,肯定,
14940,工智能写医学科普可能已经超过多数中国医生###感觉是百度能出来的,无所谓,
14949,征文选登山不再高路不再长归乡之路与信息高速齐通畅###一路联通,期待,
14958,征文选登山不再高路不再长归乡之路与信息高速齐通畅###我和家乡,感动,
14967,芝麻馅是不是非牛顿流体###吃汤圆涨知识，原来是这样呀,高兴,
14976,芝麻馅是不是非牛顿流体###能不能让它闭嘴,愤怒,
14985,第一盾护航向未来###不错创新,高兴,
14994,第一盾护航向未来###安全第一盾,高兴,
15003,美国89的大学生都是做作业###就算我夸大其词了，你又失去了什么,无聊,
15012,美国89的大学生都是做作业###都是广告,厌恶,
15021,兰世立任正非王传福都没有创新性马云马化腾只是仿冒者###这踩高蹬低的品相低劣的，他妈妈知道吗？看了标题很噱头，看到舔王健林的马屁，确认就是个混子。,愤怒,
15030,兰世立任正非王传福都没有创新性马云马化腾只是仿冒者###先说自己有没有创新再去评判别人？不然也就是博眼球。,愤怒,
15039,兰世立任正非王传福都没有创新性马云马化腾只是仿冒者###四進宮之言也能信？？？,愤怒,
15048,抖音和饿了么的合作搞那么快###头条野心很大呀,惊讶,
15057,抖音和饿了么的合作搞那么快###美团的日子不好过,无所谓,
15066,人工智能时代到来!###如果机器代替人工，那就有很多人失业，影响太大了,担心,
15075,人工智能时代到来!###确实影响了生活,担心,
15084,一味的裁员也抵不过产品本身不足带来的高成本低###累死累活一个月3000,愤怒,
15093,一味的裁员也抵不过产品本身不足带来的高成本低###艰难的打工人,悲伤,
15102,洪攻略:与华尔街决战的秘密武器###又疯了一个。,无所谓,
15111,洪攻略:与华尔街决战的秘密武器###哈哈哈哈,高兴,
15120,洪攻略:与华尔街决战的秘密武器###差评，明天概念集体跳水,厌恶,
15129,淘宝的这个深色模式认真的吗?没找到怎么关掉随系统变化###太阴间了[开学季],厌恶,
15138,淘宝的这个深色模式认真的吗?没找到怎么关掉随系统变化###[裂开]阴,厌恶,
15147,粉丝希望没有误伤老婆们###还在老婆,无所谓,
15156,粉丝希望没有误伤老婆们###我还在[送花花][送花花],肯定,
15165,【每日精选###韩剧不还在嘛，现在是不是叫韩小圈？反正我也看不了,无所谓,
15174,【每日精选###还能好好看美剧吗,悲伤,
15183,"用360度打分的方法,领导在掌控结果的时候推卸责任###这不华为吗",愤怒,
15192,反垄断经济学家怎么回应这个矛盾呢?###经济学产业组织理论可以有很多模型来解释推荐前年出的一本书叫互联网竞争逻辑与反垄断政策，是阿里巴巴聘的经济学家写的，很好地总结了最近几十年经济学顶刊里支持互联网的垄断不一定是坏事，反垄断监管不应该一刀切的理论成果,无所谓,
15201,反垄断经济学家怎么回应这个矛盾呢?###把因果搞乱了吧,愤怒,
15210,马云能在日本居住这么久?###黎明也是红色的哦！[微笑],厌恶,
15219,马云能在日本居住这么久?###小时候是大舌头吧,愤怒,
15228,工智能写医学科普可能已经超过多数中国医生###如果论文抄袭不违法，那普通医生也能整理出来，不过速度没这么快,厌恶,
15237,工智能写医学科普可能已经超过多数中国医生###这个不会重复吗，我很好奇,期待,
15246,工智能写医学科普可能已经超过多数中国医生###也超过你了,无聊,
15255,征集活动作品展示###网络，联通乡愁与远方,搞笑,
15264,征集活动作品展示###来一场说走就走的春节旅行，感受流动中国的独特魅力。,期待,
15273,观点·博客·南之默###真的好厉害，都能写毕业论文了[笑],肯定,
15282,观点·博客·南之默###本质上，带来飞跃的基础科学理论，正是由那些神神叨叨的高智商疯子们发现的。现在看起来很牛逼的科学家，很多在当时的人看来都是高智商疯子。感觉投资这个就像抽高级卡，投入高收益概率低，但一旦收益的话获利极高,肯定,
15291,吃饭了哈哈第五场18点06准备冲名额2秒数10秒左右这个比较稳###53还是54不然没号了,无所谓,
15300,吃饭了哈哈第五场18点06准备冲名额2秒数10秒左右这个比较稳###5306都提示陆续开放,无所谓,
15309,平安喜乐团团圆圆###[哇][哇][哇],高兴,
15318,平安喜乐团团圆圆###元宵节快乐,高兴,
15327,"美团铁军也不是吃干饭的,从百团大战活到现在肯定是不止两把刷子###直播看他们给我们炒菜比较放心",肯定,
15336,"美团铁军也不是吃干饭的,从百团大战活到现在肯定是不止两把刷子###看直播点外卖，边吃边看边下单",期待,
15345,超话君操作关于下载的心得1###看不了的只能祝大家观看快乐,悲伤,
15354,超话君操作关于下载的心得1###这个可以看回放吗，学生党有课买下票没时间看，，如果有回放就冲了,期待,
15363,超话君操作关于下载的心得1###用起来,高兴,
15372,粉丝希望没有误伤老婆们###还在老婆,高兴,
15381,粉丝希望没有误伤老婆们###我还在[送花花][送花花],肯定,
15390,今年是哪年[笑]2020年发的文说不造车有效期3年###2023[],无所谓,
15399,今年是哪年[笑]2020年发的文说不造车有效期3年###当年不造手机也是这样说的，后来的事大家都知道了[],搞笑,
15408,谷歌将推出人工智能聊天机器人###看来谷歌是准备放大招了。,期待,
15417,谷歌将推出人工智能聊天机器人###这次会是什么样子的呢,期待,
15426,宇宙最强技术狂魔!未来这7家公司技术可能又会引领全球###开始炒题材扩散了呗,厌恶,
15435,宇宙最强技术狂魔!未来这7家公司技术可能又会引领全球###钢铁侠,期待,
15444,抖音入局外卖市场###这就要开了，县城啥时候有哇,期待,
15453,抖音入局外卖市场###确实方便很多,高兴,
15462,中国新闻周刊2013年第43期上线###我买了13，没双开，所以不带出门，出门用安卓,肯定,
15471,中国新闻周刊2013年第43期上线###前段时间搞差点把号搞不回来了,悲伤,
15480,预告:2月7日天猫旗舰店开年活动###哪里直播都不说一声吗？,期待,
15489,预告:2月7日天猫旗舰店开年活动###哈哈哈，蹲一个,高兴,
15498,预告:2月7日天猫旗舰店开年活动###不赞你赞谁,期待,
15507,收藏数量会影响闲鱼物品曝光度吗?###大概是有奇怪的吧,惊讶,
15516,收藏数量会影响闲鱼物品曝光度吗?###请欣赏我的[微笑],愤怒,
15525,【每日科技之声###让我想起电影升级,搞笑,
15534,传俞敏洪父母定居温哥华###都是被监管对象，一位差点点爆国内次级贷危机。一位差点卷死全国青少年儿童的课外生活，掏空他们爸妈的口袋。一位的公司借了巨额贷款，资金链在断裂边缘徘徊。,警惕,
15543,传俞敏洪父母定居温哥华###昨天人家不是还在国内做直播吗？怎么说是去美国了？,惊讶,
15552,传俞敏洪父母定居温哥华###泰山会跑的差不多了,厌恶,
15561,【老哥在站学出某种技能的吗?###作曲编曲和做视频都是站自学,肯定,
15570,【老哥在站学出某种技能的吗?###博弈论,肯定,
15579,【饿了么又要开启大规模免单###从来没免单过，还一直都是吃货卡,无所谓,
15588,【饿了么又要开启大规模免单###刚点完期待免单[喵喵],期待,
15597,聊天机器人模型引发关注今年已有7项相关专利公布###国内的自主研发没想到这么厉害呢,肯定,
15606,聊天机器人模型引发关注今年已有7项相关专利公布###评论这么统一，好厉害哦。,厌恶,
15615,反垄断经济学家怎么回应这个矛盾呢?###经济学产业组织理论可以有很多模型来解释推荐前年出的一本书叫互联网竞争逻辑与反垄断政策，是阿里巴巴聘的经济学家写的，很好地总结了最近几十年经济学顶刊里支持互联网的垄断不一定是坏事，反垄断监管不应该一刀切的理论成果,肯定,
15624,反垄断经济学家怎么回应这个矛盾呢?###把因果搞乱了吧,愤怒,
15633,求进群!57个位置请同学邀请进群啦###我可以拉你们,无所谓,
15642,求进群!57个位置请同学邀请进群啦###我我我！,期待,
15651,美团饿了么:未来市场会变成抖音50###我觉得会更难受，看得到吃不到，看到了就想立刻马上吃。,担心,
15660,美团饿了么:未来市场会变成抖音50###希望吧,期待,
15669,美团饿了么:未来市场会变成抖音50###转赞评,肯定,
15678,看一看吓一跳俺拉黑2千多人呢###我一万九千多,无所谓,
15687,看一看吓一跳俺拉黑2千多人呢###我也两千多,肯定,
15696,学校东北角新增加基站施工完成###要么把超市的价格打下来，要么就继续开放自提点,愤怒,
15705,学校东北角新增加基站施工完成###给力给力，我一到18楼就完全没信号,高兴,
15714,"执行力比我还强,还可怕的人###行动力太厉害了",肯定,
15723,"执行力比我还强,还可怕的人###叫啥！我马上关注！",高兴,
15732,征集活动作品展示####精品网络智联中国#【网络，联通乡愁与远方】,期待,
15741,征集活动作品展示####精品网络智联中国#【网络，联通乡愁与远方】,期待,
15750,[视频]科学家发现蛋白质与人工蛋白质共存共存的共存无几无几###潘多拉的魔盒已经打开[笑],搞笑,
15759,[视频]科学家发现蛋白质与人工蛋白质共存共存的共存无几无几###产量如何？能手搓抗体蛋白人手一份么？,期待,
15768,[视频]科学家发现蛋白质与人工蛋白质共存共存的共存无几无几###所以人工智能造人造生命的程序已经启动？,惊讶,
15777,优质内容放大器###日常[笑],高兴,
15786,二月互动榜礼物即将揭晓###月都有啥呢,期待,
15795,二月互动榜礼物即将揭晓###这么好的活动大家赶快来参与吧,肯定,
15804,二月互动榜礼物即将揭晓###真的是非常公平。,愤怒,
15813,多方抢注商标###哇这个智能机器人功能好强大不知道在国内能不能用想跟它吹牛[],期待,
15822,多方抢注商标###跟黑灯车间一样，一定会在一些行业被越来越多的应用，但会有更多的工作岗位等着就业者，可能会发生的是就业门槛和无技能者的淘汰。,担心,
15831,求评价毒牙的请点赞报数###什么时候他们能放过我们,愤怒,
15840,求评价毒牙的请点赞报数###是真的会谢,厌恶,
15849,"机器人在货架前面走,就好奇问了问这是干啥的###科幻电影正在逐渐照进现实[裂开]",惊讶,
15858,"机器人在货架前面走,就好奇问了问这是干啥的###你们北京便利我们太原是唐久超市和金虎",无所谓,
15867,抖音入局外卖市场###又卷起来了，不说了，先薅前期的羊毛再说[][][],搞笑,
15876,抖音入局外卖市场###确实方便很多,肯定,
15885,电影票房突破8亿###真惊喜，好片不会被埋没，越品越香,高兴,
15894,电影票房突破8亿###博子哥最擅长逆风翻盘,高兴,
15903,拨浪鼓咚咚响定档2月25日###这部片会很感人吧，里面的场景有的挺真实催泪的,感动,
15912,拨浪鼓咚咚响定档2月25日###感觉看这部电影一定要准备纸巾一定很感动啊！好想去看啊,感动,
15921,不得不承认《流浪地球2》是真让西方媒体破防了[笑]###他急了说明不正说明我们做对了吗,高兴,
15930,不得不承认《流浪地球2》是真让西方媒体破防了[笑]###那说明我们的路是正确的,肯定,
15939,不得不承认《流浪地球2》是真让西方媒体破防了[笑]###[笑][笑][笑],高兴,
15948,使命持续了千年灵均李必孙均阿易伍万里向未来易烊千玺@易烊千玺###流眼泪那里[苦涩]#易烊千玺电影满江红#剪的好好,感动,
15957,使命持续了千年灵均李必孙均阿易伍万里向未来易烊千玺@易烊千玺###好会剪,肯定,
15966,一博和梁先生的对手戏对于观众来说是一个很大的惊喜###隧道尽头终有光，希望更多人进电影院看看这部电影！,肯定,
15975,一博和梁先生的对手戏对于观众来说是一个很大的惊喜###程耳导演镜头下的王一博简直太飒了！！,肯定,
15984,名名总票房8亿了呀!!!###恭喜恭喜,高兴,
15993,名名总票房8亿了呀!!!###恭喜无名[666],高兴,
16002,魏洲说此时不搏何时搏###期待定海神针白民和,期待,
16011,魏洲说此时不搏何时搏###超棒许魏洲@许魏洲,肯定,
16020,魏洲说此时不搏何时搏###就是很适合大荧幕！许魏洲@许魏洲,肯定,
16029,中国新闻周刊2013年第43期上线###熊出没才是最大的赢家，悄无声息，赚得盆满锅满[],肯定,
16038,中国新闻周刊2013年第43期上线###《熊出没伴我熊芯》票房明天要超《寻梦环游记》的123亿了，作为皮克斯粉既高兴又不舍，都是好作品,高兴,
16047,电影流浪地球》定档4月1日###郭帆真的会睡觉吗,惊讶,
16056,电影流浪地球》定档4月1日###环形物语？,惊讶,
16065,哪怕只出镜两秒钟也会认真对待命运不会辜负努力的人###每一个群演都是值得尊重的,肯定,
16074,哪怕只出镜两秒钟也会认真对待命运不会辜负努力的人###我看电影的时候注意到这个人了,肯定,
16083,"韩国能想出这种剧情,笑死了###这不是韩版的吗，以无下限搞笑出名哈哈哈哈",搞笑,
16092,"韩国能想出这种剧情,笑死了###爱仁爱己@爱仁爱己",高兴,
16101,恭喜《无名》总票房破7亿###王一博,肯定,
16110,恭喜《无名》总票房破7亿###我身边很多男同学都看无名了，都很喜欢，无名票房会持续上涨的。,肯定,
16119,《满江红》电影真的对不起《流浪地球2》###还是你敢说,惊讶,
16128,《满江红》电影真的对不起《流浪地球2》###全明星阵容一般就不要看了，他说的成本几个亿大概就是明星的劳务费,肯定,
16137,芜湖新海诚新片《铃芽之旅》口碑爆棚###这部剧我可是很好奇了的，很值得一看[],肯定,
16146,芜湖新海诚新片《铃芽之旅》口碑爆棚###不禁让我想起青春时代最美好的日子,感动,
16155,"南山连续三年获评中国最具幸福感城区,连场《无名》都看不上###我猜应该在大运星河",无所谓,
16164,"南山连续三年获评中国最具幸福感城区,连场《无名》都看不上###让年轻粉丝从好的作品中提高艺术修养了解历史更加爱党爱国，比起单纯的思想教育，这是无名这部好电影的价值。",肯定,
16173,"南山连续三年获评中国最具幸福感城区,连场《无名》都看不上###刚翻了一下，宝安金逸影城有排了，还在考虑要不要跑这么远",无所谓,
16182,王一博@王一博网络侵删###王一博希望自己是温柔光，心朝生而归。行立坐看云起时，俯仰吁叹皆美景，最后，来温柔你,肯定,
16191,王一博@王一博网络侵删###王一博想要劫持一颗星星在月色朦胧的夜晚降落到你的梦里,期待,
16200,"拜读一下,看看解构!###少年初长成，勇拼搏，不放弃，王一博加油王一博@王一博",肯定,
16209,"拜读一下,看看解构!###所有美好的祝愿，都想送给王一博呀",期待,
16218,一博电影无名路透###呀！[哆啦梦微笑],高兴,
16227,一博电影无名路透###真帅呀,高兴,
16236,一一博电影无名###呃，三刷都没看到这么细，还好周日还一场，来好好看看这个细节,高兴,
16245,一一博电影无名####电影无名#,肯定,
16254,《抬头见喜》发布罗京民王鹤棣李胤维饰演的爷孙三人聚餐片段###抬头见喜好看王鹤棣小郭演得好,肯定,
16263,《抬头见喜》发布罗京民王鹤棣李胤维饰演的爷孙三人聚餐片段###哈哈哈,高兴,
16272,郭富城扇梁朝伟巴掌###两个大佬的合作太绝了，这电影真心推荐。,肯定,
16281,郭富城扇梁朝伟巴掌###啊啊啊感觉影帝飙戏真的好刺激哦我现在也超爱[哇],肯定,
16290,马兆与海鸥已经看上头了###看得出来导儿确实上头了马兆都痛失本名了[收到]（马老师[悲傷]）,肯定,
16299,马兆与海鸥已经看上头了###实不相瞒，我这两天看海鸥也上头了[笑],高兴,
16308,《流浪地球2》马兆让人头皮发麻###真的感觉这个角色太可怕了呀，但是演技很不错。,肯定,
16317,《流浪地球2》马兆让人头皮发麻###叔圈顶流,肯定,
16326,天使收起的翅膀###13岁就选择独自出国打拼的王一博早早就认定了演艺这条路是王一博愿意为之倾注所有热血与努力的未来。王一博@王一博,肯定,
16335,天使收起的翅膀###高颜值高格调的一部优秀的电影,肯定,
16344,天使收起的翅膀###无名终会有名,肯定,
16353,嘉嘉博悦迩###不积小流无以成江海，不积硅步无以至千里。你的努力终将被更多人看到,肯定,
16362,嘉嘉博悦迩###从今以后我们又多了一层身份，王一博先生的影迷,肯定,
16371,回顾《功夫瑜伽》教授和小光的剧情最后一起跳舞的镜头真的很经典###他在考虑换工作然后做了唱跳歌手顺便拿点奖[笑],期待,
16380,回顾《功夫瑜伽》教授和小光的剧情最后一起跳舞的镜头真的很经典###功夫瑜伽小光的那句好大的藏獒，现在都会笑出声,搞笑,
16389,《艺妓与歌妓》中的故事###大鹏好像对森博之也没有多尊重诶,无聊,
16398,《艺妓与歌妓》中的故事###那天和糖纸讨论时，糖纸说不懂的人会说这段是啥艺伎有啥了不起瞎拍。我说其实这个细节就是拍给你看的，只有了解艺伎的人才会对这个段落有所触动。而像电影中渡部那样的大老粗，会自动把这段忽略掉。,肯定,
16407,电影《荒原》定档3月3日!任素汐李晨主演###非常喜欢期待任素汐，阵容强大啊,期待,
16416,电影《荒原》定档3月3日!任素汐李晨主演###早已迫不及待了，一起坐等3月3日上映,期待,
16425,耳说希望用电影抚慰人心###不论票房如何，坚守本心是做导演唯一能做的事，真的要好好保护这个好导演，我们的耳导！,肯定,
16434,耳说希望用电影抚慰人心###太欣赏程耳这种专业的态度了,肯定,
16443,耳说希望用电影抚慰人心###中国好导演耳,肯定,
16452,中国新闻周刊2013年第43期上线###这不就是盗摄吗这点喜爱就算撑不到上网络平台也可以去找官方宣传物料吧,厌恶,
16461,中国新闻周刊2013年第43期上线###@惊！,惊讶,
16470,纪录片无字她就是我###看到站有大佬翻译了，这个故事让我想起之前看的那本叫《三十不立》的书，太压抑了,担心,
16479,纪录片无字她就是我###感谢搬运，看到电影才了解到这个事件,肯定,
16488,十年最好看的电影夏洛特烦恼###星际穿越,肯定,
16497,十年最好看的电影夏洛特烦恼###星际穿越,肯定,
16506,电影影响最大的是科幻电影###我自动把第四部除名了，嘿嘿,搞笑,
16515,电影影响最大的是科幻电影###第一部太上头了！看了不下10遍。。。另一部还没看过。,肯定,
16524,《无名》正在热映###不要暴露[笑],搞笑,
16533,《无名》正在热映###可爱死,搞笑,
16542,二创榜2013年第43期上线###天啊，林生斌，泰国杀妻案，是不是看了这个电影？,悲伤,
16551,二创榜2013年第43期上线###二策？,惊讶,
16560,电影流浪地球2概念设计###好喜欢，能出一系列桌面吗，每天上班都觉得在干宏图大业[笑],肯定,
16569,电影流浪地球2概念设计###最喜欢太空电梯这个了，影院看着太帅了,肯定,
16578,电影流浪地球2概念设计###突然银魂即视感,肯定,
16587,宇宙奥妙没有边际来和小破球一起慢慢探索吧!###没人看到这么深的伏笔开始自爆了是吧[流浪地球2],搞笑,
16596,宇宙奥妙没有边际来和小破球一起慢慢探索吧!###[流浪地球2]加载图片一直在转，以为有惊喜，一直在等，直至发现被你们套路了！[],搞笑,
16605,张译在满江红里饰演的何立把岳云鹏吓了一跳###我也是好喜欢他演的反派角色呀。,肯定,
16614,张译在满江红里饰演的何立把岳云鹏吓了一跳###又是被张译圈粉的一天,肯定,
16623,忽然1周:上海###救命！好像！！！,高兴,
16632,忽然1周:上海###这眉毛，这眼镜，这向下的嘴角海鸥本鸥,肯定,
16641,电影流浪地球2票房破8###好，接下来冲85,肯定,
16650,电影流浪地球2票房破8###我这已经没有了,悲伤,
16659,王一博@王一博网络侵删###王一博云飘散在时光里，花绽放在时光里，你眨眼，时光在你的眼里,肯定,
16668,王一博@王一博网络侵删###王一博我还是很喜欢你，像鲸沉于海底温柔呼吸，痴极嗔极,肯定,
16677,《流浪地球2》《火影忍者疾风传》###以师父的年龄来说，可能也是看火影长大的吧,感动,
16686,《流浪地球2》《火影忍者疾风传》###张鹏是00后人，大概率看过火影,肯定,
16695,《流浪地球2》《火影忍者疾风传》###崩溃了,悲伤,
16704,梁家辉被我盯上了###我都已经想要看到这个电影的上映了,期待,
16713,梁家辉被我盯上了###这电影就是我比较喜欢看的类型,期待,
16722,"正在热映,正在进行中###真的很感染人",感动,
16731,"正在热映,正在进行中###眼里有故事",感动,
16740,专业人会评###开盲盒开出爱马仕，无名真棒[送花花],肯定,
16749,专业人会评###喜欢啊，是清风，是朝露，是脸颊红红，是千万万人里再也装不下其他。,肯定,
16758,刘培强中校吃汤圆庆祝元宵节###好牛螺蛳壳内做道场[苦涩][苦涩]大家都幸福地生活在一起好好啊（只有小地皮子被80哈哈哈哈），点火，点个大的！,搞笑,
16767,刘培强中校吃汤圆庆祝元宵节###高级驾驶员韩子昂也在诶[苦涩][苦涩][苦涩],惊讶,
16776,刘培强中校吃汤圆庆祝元宵节###郭帆@郭帆导儿快来呜呜呜好可爱,肯定,
16785,种子在生根发芽###好感动，是被大家一起托起的小破球啊太太好勤奋,肯定,
16794,种子在生根发芽###[哇][哇][哇],高兴,
16803,流浪地球2后遗症###网易和扣扣都有原声音乐[],肯定,
16812,流浪地球2后遗症###太空电梯看一次爽一次我二刷鸡皮疙瘩都起来了，我还有摄像头后遗症,肯定,
16821,一一博电影无名###早安么么哒,高兴,
16830,一一博电影无名###王一博你是漫山遍野的温柔斯人如宝藏，我就是这样认出你的王一博@王一博,高兴,
16839,"王一博:复杂的时代,复杂的人与事,更复杂的灵魂###自由洒脱，挑战自我！时尚的引领者，青春的探险家！王一博@王一博",高兴,
16848,"王一博:复杂的时代,复杂的人与事,更复杂的灵魂###王一博愿你一切出于自然并非刻意愿你永怀善意灵魂澄澈明朗王一博@王一博",高兴,
16857,沉人尽知吧!每一个想要挑战的人都被打败###刘德华居然会说亲[],惊讶,
16866,沉人尽知吧!每一个想要挑战的人都被打败###开玩笑，人家可是李丰田,无所谓,
16875,沉人尽知吧!每一个想要挑战的人都被打败###马兆海鸥你悠着点哈,期待,
16884,江江红中国影史第9部40亿电影####满江红中国影史第9部40亿电影#是我,期待,
16893,江江红中国影史第9部40亿电影###满子破40亿了！！！！牛逼！！！！！[]易烊千玺@易烊千玺#满江红中国影史第9部40亿电影#,高兴,
16902,无名被写成论文###我能说我看完第一场出来就在期待之后的各种拉片了吗，真的太多可以说的了,期待,
16911,无名被写成论文###刚抖刷到个说适合考阅读理解,惊讶,
16920,海后劲真大发现了很多细节参宿在海上对南河说别管我她根本没有活下去的意愿###参宿一直求的都是不要丢下我。所以妈妈离去时的回眸和长发会在心里结成疙瘩般的海精灵。她追随的海精灵，一开始是妈妈，后来变成南河，那是在生者的现实中已经消弭的东西。她眷恋它们追逐它们，是要去往死地。不要丢下我，本来就是她的死意,肯定,
16929,海后劲真大发现了很多细节参宿在海上对南河说别管我她根本没有活下去的意愿###怎么这么悲啊,悲伤,
16938,"电影的触感,爆发的雷动,惊艳的反转###我就只喜欢你一个了，王一博",肯定,
16947,"电影的触感,爆发的雷动,惊艳的反转###王一博为啥这么帅啊，好喜欢他啊",肯定,
16956,《后会无期》的颓废与哀伤###真实的荒诞，虚无的放纵，内心的平静,肯定,
16965,《后会无期》的颓废与哀伤###演技都非常到位。,肯定,
16974,剧版三体拿到的审批字号是001号###艺画开天连清华大学这个名字都不敢用就已经说明地位了,肯定,
16983,剧版三体拿到的审批字号是001号###可不，就冲着李老爷子那声点火去的！不看也得看！,肯定,
22509,田田思域正式发布###这次一定！,肯定,
22519,田田思域正式发布###等好久了,期待,
22539,长安深蓝@长安深蓝###虽然岁月漫长，然而值得等待,期待,
22549,听听提车一个月后的真实感受###无论颜值还是性能都很赞,肯定,
22559,拉拉利175###上链接啊,期待,
22579,【马自达高层认为长续航电动车没用!###我也觉得续航一两千公里的电车没用！[][][],肯定,
22589,【马自达高层认为长续航电动车没用!###不关心不关心,无所谓,
22599,比亚迪在欧洲市场实现口碑销量双赢###比亚迪主要还是技术厉害，推出的车型确实好，在海外也卖的好,肯定,
22609,比亚迪在欧洲市场实现口碑销量双赢###比亚迪的车外观看的很不错。,肯定,
22619,"极氪来了,售价将达20万元###期待一波",期待,
22625,"极氪来了,售价将达20万元###极氪的第三款车型极氪品质出众无与伦比",肯定,
22631,"极氪来了,售价将达20万元###真的好期待，车身真的爱了，好喜欢",期待,
22637,比亚迪成为全球第二大汽车出口国###比亚迪在新能源方面做的越来越棒，已经引起了很多的关注,肯定,
22639,比亚迪成为全球第二大汽车出口国###这个增长比真的是超级的牛了哇[][][],肯定,
22643,比亚迪成为全球第二大汽车出口国###墙内开花墙外香，刀片电池火刀欧洲了，可喜可贺,肯定,
22649,比亚迪成为全球第二大汽车出口国###比亚迪这几年在新能源方面发展的确实比较快，,肯定,
22655,我不是特喜欢新但这台新台###国王先生，现在9912卡雷拉以及大概什么价位，我今年如果工作能达成小目标，打算找你搞一台，盼复,期待,
22661,我不是特喜欢新但这台新台###手动真帅,肯定,
22667,我不是特喜欢新但这台新台###卧槽。手动啊[],惊讶,
22669,我不是特喜欢新但这台新台###这蓝眼睛真好看啊,肯定,
22673,【特斯拉降价是压榨供应商的利润###惊吗？大家不都是这么干的吗！,惊讶,
22679,【特斯拉降价是压榨供应商的利润###惊了，难道压榨消费者？,惊讶,
22685,【特斯拉降价是压榨供应商的利润###谁不都这么玩？要不钱是凭空长出来的？,愤怒,
22691,【特斯拉降价是压榨供应商的利润###宁德必须再国产电动车身上找回来！,期待,
22697,丰田汽车销量连续三年居全球榜首###电动汽车是未来发展趋势，但是燃油汽车至少10年内不太可能被淘汰。因为建立成熟的电动汽车生态圈需要时间，比如完善的电池回收业务充电桩大规模普及以及培养熟练的电动汽车修理工等。丰田集团的现金储备有几百亿美元，电动化转型虽然很慢，但不至于到破产的地步，当然电动化以后丰田优势不在,警惕,
22699,丰田汽车销量连续三年居全球榜首###非常期待华为合作车企能尽快推出67座商务车，最好是2023年内面世销售。,期待,
22703,丰田汽车销量连续三年居全球榜首###我感觉成为诺基亚的可能性不大因为它本身也在搞新能源不像诺基亚那样固执再说汽车的使用周期比手机长的多,警惕,
22709,丰田汽车销量连续三年居全球榜首###混动的很省油1000公里,肯定,
22715,阿维塔11交付量突破2000辆###这是立了军令状,肯定,
22719,阿维塔11交付量突破2000辆###看今年啥情况吧,无所谓,
22721,阿维塔11交付量突破2000辆###干脆把销量换成点赞还来得快一点,搞笑,
22727,阿维塔11交付量突破2000辆###恭喜阿维塔,高兴,
22729,阿维塔11交付量突破2000辆###看来阿维塔的产能爬坡进行的很成功,肯定,
22733,戒手游的直接原因是抽卡坠机###手游的氪金消费对于一般人来说其实很高昂。一个又一个的648模糊了正常的金钱价值的判断，导致你刚刚退圈的时候会有一种不敢置信的感觉我真的会花648甚至于好几千只为了抽一张卡吗？3大作犹犹豫豫等打折，手游冲动消费好几千，甚至觉得大小月卡加起来100左右超良心。,肯定,
22739,戒手游的直接原因是抽卡坠机###开服就玩，5年花了十来万，每个活动都肝，浪费时间精力金钱，没什么获得感，退坑后生活都变轻松了,肯定,
22742,戒手游的直接原因是抽卡坠机###是这样我最近每天晚上睡觉之前都有一段时间专门给手游的，感觉好不自由，而且我总是不舍得下想看看还有什么要干的吗（）[单身青蛙]太累了,担心,
22745,戒手游的直接原因是抽卡坠机###昨天把春节躺着打通关的5卡带卖掉了，375入的370出掉了，手游做得到吗嘿嘿嘿[耶],高兴,
22749,戒手游的直接原因是抽卡坠机###虽然依然玩手游但坚定的白嫖微氪党（可能一个月几十）每次看到首页玩手游抽一次可以氪上千真的震惊到我几千买个主机和3单机都够了，玩腻了还能卖了回血不爽吗还不会被运营背刺，单机是永远属于自己的游戏,,
22751,戒手游的直接原因是抽卡坠机###已找代肝，每次需要抽卡上去抽一波[微笑]平均一个月上一次,无所谓,
22757,《手游叔》第43期上线###哈哈哈哈哈哈我哭死,感动,
22760,《手游叔》第43期上线###不是吧哥们儿这么玩游戏的？,担心,
22763,《手游叔》第43期上线###我要是打野上单是哥我帮他卡一万次[],肯定,
22769,《手游叔》第43期上线###[喵喵],期待,
22775,观察者评价桑他还在输出###最上面那条评论你吹舟文学作品得奖好歹把得打对呢,警惕,
22778,观察者评价桑他还在输出###我是不喜欢莫言的东西，可是他的书确实能看下去，粥那个奶头乐加谜语人来碰诺奖啊？,愤怒,
22779,观察者评价桑他还在输出###不是演的？我天啊,惊讶,
22781,观察者评价桑他还在输出###高中语文课代表有什么了不起的吗,愤怒,
22787,观察者评价桑他还在输出###莫言[单身青蛙],搞笑,
22789,观察者评价桑他还在输出###多读书吧,厌恶,
22793,隔壁暖阳我在喝绿罐王老吉不信?我现在就翻桶给你们看###绿罐王老吉好像是绿豆沙来的没记错的话,警惕,
22796,隔壁暖阳我在喝绿罐王老吉不信?我现在就翻桶给你们看###绿罐王老吉？那得是什么味道啊孤陋寡闻了,惊讶,
22799,隔壁暖阳我在喝绿罐王老吉不信?我现在就翻桶给你们看###可是暖手还没发微博呢，我刚刷新半天,警惕,
22805,隔壁暖阳我在喝绿罐王老吉不信?我现在就翻桶给你们看###第一次听说绿罐的王老吉,惊讶,
22809,隔壁暖阳我在喝绿罐王老吉不信?我现在就翻桶给你们看###不信！暖阳翻垃圾桶让我看看[],搞笑,
22811,隔壁暖阳我在喝绿罐王老吉不信?我现在就翻桶给你们看###我带着垃圾桶来了,期待,
22814,钎城等小义回来然后弹幕老师也不走###我在等[开学季],期待,
22817,钎城等小义回来然后弹幕老师也不走###钓又钓的狠，结婚又不肯,悲伤,
22823,钎城等小义回来然后弹幕老师也不走###坏小周，更爱了[努力],肯定,
22829,钎城等小义回来然后弹幕老师也不走###坏家伙[苦涩],悲伤,
22832,新来的朋友们直观地了解下发生了啥我说的对吗###现在我要批评一个游戏[努力]猜猜是谁捏[努力],搞笑,
22835,新来的朋友们直观地了解下发生了啥我说的对吗###确实直观，哈哈哈哈哈哈,搞笑,
22839,新来的朋友们直观地了解下发生了啥我说的对吗###你是会说的,搞笑,
22841,新来的朋友们直观地了解下发生了啥我说的对吗###正确的，直观的，一针见血的，中肯的,肯定,
22847,新来的朋友们直观地了解下发生了啥我说的对吗###不像的[开学季],,
22849,新来的朋友们直观地了解下发生了啥我说的对吗###本来对礼包封号只觉得有点生气现在直观感受到了被封号玩家的愤怒，该骂[],愤怒,
22850,新来的朋友们直观地了解下发生了啥我说的对吗###一针见血的[哆啦梦害怕],肯定,
22853,《神雕》第43期:神雕英雄传###34整个版本跳过的集合[],,
22865,《神雕》第43期:神雕英雄传###满命辛焱，瑶瑶和云堇一只没有,悲伤,
22868,《神雕》第43期:神雕英雄传###满命瑶瑶,肯定,
22869,《神雕》第43期:神雕英雄传###最多辛焱，最少瑶瑶，可恶魈和海哥都抽到手了瑶瑶还没有这概率是真实的吗,惊讶,
22871,《神雕》第43期:神雕英雄传###135了海哥还没出来[微笑],期待,
22877,中国新闻周刊2013年第43期上线###不知道好不好玩,警惕,
22879,中国新闻周刊2013年第43期上线###画风好怪,厌恶,
22883,中国新闻周刊2013年第43期上线###这是？,警惕,
22886,中国新闻周刊2013年第43期上线###奇卡好好看[哇],高兴,
22889,中国新闻周刊2013年第43期上线###啊这，这不说我还以为是觉醒前呢，尤其步梦这张？,警惕,
22895,月后羿大国标拿到我可不会发朋友圈###是哪些家人们告密,搞笑,
22901,月后羿大国标拿到我可不会发朋友圈###哈哈哈哈哈哈哈哈哈打起来打起来,搞笑,
22904,月后羿大国标拿到我可不会发朋友圈###互相折磨到白头,搞笑,
22907,月后羿大国标拿到我可不会发朋友圈###[]就喜欢酱的自信！？我酱！,肯定,
22909,月后羿大国标拿到我可不会发朋友圈###哈哈哈哈哈哈哈哈哈哈哈哈哈哈哈鹌鹑[][],搞笑,
22913,首日首发:看哥打神[春游家族]###八百奔北坡,搞笑,
22919,首日首发:看哥打神[春游家族]###细说吃饭,期待,
22922,首日首发:看哥打神[春游家族]###小只要平稳发挥就能赢,肯定,
22925,首日首发:看哥打神[春游家族]###神来点作用,期待,
22931,【俄罗斯获邀参加亚运会###真的很喜欢看电竞，超级刺激哦，9月要去杭州,期待,
22937,【俄罗斯获邀参加亚运会###希望在下一次的亚运会，我喜欢的电竞选手能发挥超长的水平。,期待,
22939,【俄罗斯获邀参加亚运会###电竞的帅哥居然这么多，这次杭州赛希望他们取得好成绩,期待,
22940,【俄罗斯获邀参加亚运会###电竞选手不光游戏打的好就连颜值也这么抗打,肯定,
22943,【俄罗斯获邀参加亚运会###这些电竞选手都是高颜值，还这么有实力，让人印象深刻,肯定,
22949,【俄罗斯获邀参加亚运会###的确是非常心动呀，这么高的颜值还会打电竞，真的厉害,肯定,
22955,《猫猫扮演游戏》预计今年第4季度推出###想起小时候看的猫武士,感动,
22958,《猫猫扮演游戏》预计今年第4季度推出###猫露谷,期待,
22961,《猫猫扮演游戏》预计今年第4季度推出###别嘲讽了，这个游戏第一部17年就出了，而且好评率95，挺不错一游戏,肯定,
22967,再@我了!###图片评论,,
22969,再@我了!###还有一张，诶嘿[],高兴,
22973,再@我了!###我再说一遍，是！,肯定,
22976,再@我了!###好不艾特了@,搞笑,
22979,再@我了!###哥哥开心吗[]猛猛混时长哦你一路啊那没事了,肯定,
22985,再@我了!###哈哈哈哈哈哈哈,高兴,
22989,光与夜之恋本周周末提醒###夏鸣星你个臭屁小鬼！不知道端着碗过来看的么！,高兴,
22991,光与夜之恋本周周末提醒###夏鸣星点勾勾熊啦，地主家都没有余粮啦,警惕,
22994,光与夜之恋本周周末提醒###祈愿勾勾是啥,期待,
22997,光与夜之恋本周周末提醒###完美的开扇哈哈！不愧是一生要强的未婚夫,肯定,
23003,光与夜之恋本周周末提醒###家人们，祈愿勾勾是什么？,期待,
23009,"闪耀暖暖简中联盟招募只限简中,繁中一律删除###1前60盟[地球猫猫社]招新[送花花]日分盟友超级氛围超好呀[喵喵]",肯定,
23012,"闪耀暖暖简中联盟招募只限简中,繁中一律删除###一区，299，稳前110盟，三次四包，点灯不断，派对可躺，谢绝一日游哈要求金币捐满机密打满，周贡350周分最低2500万，符合要求直申即可。",期待,
23015,"闪耀暖暖简中联盟招募只限简中,繁中一律删除###1前200联盟塞西尔公国（2892）招日分300以上的姐妹，要求每天金币5次，每周最少25次机密且2000机密分，每天三个礼包全，第四个包每周23次，不包答题的佛系盟",,
23021,"闪耀暖暖简中联盟招募只限简中,繁中一律删除###日分1000蹲1前三十联盟，接受每日买一点次数",期待,
23027,亿亿点曝光计划###确实是十大雅事，尤其听雨[团圆兔][团圆兔],肯定,
23030,亿亿点曝光计划###哈哈哈哈哈玩的很牛呀,高兴,
23033,亿亿点曝光计划###这游戏看起来很好玩呀[笑],期待,
23039,亿亿点曝光计划###赏画，那个画谁画的,警惕,
23045,亿亿点曝光计划###太真实了啊,肯定,
23051,一笙是被恋爱伤过的男人###久哲出事自己背,警惕,
23057,一笙是被恋爱伤过的男人###烤肠需要家人的鞭策[开学季]听到了吗家人们冲了烤肠,搞笑,
23063,一笙是被恋爱伤过的男人###钎城今天被好多人夸帅,高兴,
23066,一笙是被恋爱伤过的男人###久哲有钱，但我有内涵（没钱），所以谈话很平等，不存在谁强谁弱,搞笑,
23069,加电竞王者荣耀###吃得苦中苦，方为猪上猪[春游家族],肯定,
23075,加电竞王者荣耀###为啥大家都不喝热美式,惊讶,
23081,加电竞王者荣耀###他是能吃苦的,肯定,
23084,加电竞王者荣耀###[兔子],高兴,
23087,纪元紫钰<unk>###模板参考了图图找图图的牛爷爷@找图图的牛爷爷感谢73为这套取名青山燃尽@青山燃尽,,
23089,纪元紫钰<unk>###酷妹都是半眯眼的,肯定,
23093,纪元紫钰<unk>###好酷啊[哇],高兴,
23099,纪元紫钰<unk>###好帅！！！,肯定,
23102,纪元紫钰<unk>###好好看,高兴,
23105,纪元紫钰<unk>###欧米茄欧老师鲨疯了,惊讶,
23109,"恐怖分子,你们还好吗?###666",惊讶,
23111,"恐怖分子,你们还好吗?###无所谓，下次继续保持开场特色！何尝不是一种招商！",无所谓,
23117,"恐怖分子,你们还好吗?###虽然输了但是不要影响整活[]",担心,
23120,"恐怖分子,你们还好吗?###无所谓，我们整活冠军",搞笑,
23123,"恐怖分子,你们还好吗?###基纽特战队？",警惕,
23129,同人娘那边也有无水印版本###如果我用550玩剑网三的画质（不是）,期待,
23135,同人娘那边也有无水印版本###太好看了太好看了[哇][哇][哇]当壁纸自用可以吗,期待,
23138,同人娘那边也有无水印版本###哇！！,高兴,
23139,同人娘那边也有无水印版本###太好看了[开学季][开学季],肯定,
23141,同人娘那边也有无水印版本###来啦！！！,期待,
23147,栗子味:你真的好不了一点主播我很内向我要藏头还说你很急吗###一开播痕酱就来送礼物了没事我没事,无所谓,
23153,栗子味:你真的好不了一点主播我很内向我要藏头还说你很急吗###请问你很会开特效吗,愤怒,
23156,栗子味:你真的好不了一点主播我很内向我要藏头还说你很急吗###请问你很会直播吗栗子威,厌恶,
23159,栗子味:你真的好不了一点主播我很内向我要藏头还说你很急吗###请问？你很会开头吗？,厌恶,
23165,观察者评价真的吗?我不信###在评论区写生，但不一定是自己的评论区[],厌恶,
23171,观察者评价真的吗?我不信###如果一个游戏在活动的时候和长草的时候都只能活在视频区，那请问他和死了有什么区别？,警惕,
23174,观察者评价真的吗?我不信###我没记错的话，开服的时候随和的方舟玩家就在为角色强度撕个不停,厌恶,
23177,观察者评价真的吗?我不信###随和指的是第一时间赶到别家下面拉吗,警惕,
23183,观察者评价真的吗?我不信###他们长草期会在评论区里写生。他们会其乐融融的玩制作人梗。他们会聚在一起用五花八门的方法蹲饼。他们会远远地望着别家节奏飞起，然后暗自庆幸自己家不是这样。但是以上这些全是在别人的地方干的。,愤怒,
23189,人格分析第43期·观点###佣兵玩家无语辣哈哈哈哈哈哈哈,搞笑,
23192,人格分析第43期·观点###囚徒是故意的（骄傲）佣兵（浅尝遗产机）（咬牙切齿）等你死了上挂，我就弹护腕到你的坟头，疯狂的拳击你的熊脸,愤怒,
23195,人格分析第43期·观点###哈哈哈哈哈哈哈哈笑死我了九转密码机,搞笑,
23199,上海偷一束月光###不要以为你可爱我就不敢动你哈哈哈哈哈哈,搞笑,
23201,上海偷一束月光###哈哈哈哈哈哈甜甜好会,高兴,
23207,上海偷一束月光###哈哈哈哈哈,搞笑,
23209,上海偷一束月光###哈哈哈哈哈哈哈哈哈哈哈哈哈哈哈哈哈哈哈哈哈哈哈哈哈哈哈唐甜又圆了[]都180还在那走走走[],搞笑,
23210,上海偷一束月光###甜甜你该减肥了,担心,
23213,上海偷一束月光###甜甜又胖了,担心,
23219,泡了五辈子荆序才肯教我经营原因竟然?!###公主气的把在他那买来的东西掐了指甲印然后送给了他，结果发现这东西又回到了自己手里[],愤怒,
23225,泡了五辈子荆序才肯教我经营原因竟然?!###这家伙！！,惊讶,
23228,泡了五辈子荆序才肯教我经营原因竟然?!###对，就是不开课，气的我他，看着出双倍价格买东西感觉自己更冤种了,愤怒,
23231,泡了五辈子荆序才肯教我经营原因竟然?!###[苦涩]算盘打的震天响,愤怒,
23237,时空中的绘旅人我好崩溃###绝交吧，你不绝交我拿叉车叉你跑,悲伤,
23239,时空中的绘旅人我好崩溃###姐妹这种事情我想有必要给你提醒一下，我之前有个朋友也是遇到了这种事情，就是大家平时关系不错挺好的，在一起玩的也挺好，但是他们几个就有种小团体的趋势嘛，后来我这个朋友因为因为有些原因跟他们有点冲突，后面就被造谣了。,愤怒,
23246,时空中的绘旅人我好崩溃###？不是我说，你这几个同学都是什么牛马[哆啦梦害怕],担心,
23249,时空中的绘旅人我好崩溃###我之前也这样化学考的很好然后我朋友骗我说没考及格班主任和化学老师让我去办公室。。走一半没忍住哭了（班主任太可怕了）出来才告诉我她瞎编的。。,悲伤,
23255,阿改昨天一把自己的床踩烂了###那个床，倒也不是不可能[欢乐熊出没],搞笑,
23259,阿改昨天一把自己的床踩烂了###改爹的佛山无影脚,搞笑,
23261,阿改昨天一把自己的床踩烂了###辅助率先开团[哆啦梦害怕],担心,
23264,阿改昨天一把自己的床踩烂了###暴力改名副其实,搞笑,
23267,阿改昨天一把自己的床踩烂了###[]鹏哥以后还是别招惹改哥了[],担心,
23269,阿改昨天一把自己的床踩烂了###乍一听很离谱什么床是一脚就能踩坏的，再仔细一看是我和改爹，也不算离谱，甚至很合理[裂开],搞笑,
23273,阿改昨天一把自己的床踩烂了###终于可以换床啦,高兴,
23279,英雄联盟分部###帅气的小美人鱼[锦鲤附体],肯定,
23282,英雄联盟分部###好美的娜美，单秒打野的辛德拉喜欢！！,肯定,
23285,英雄联盟分部###崽的奎太厉害咯[努力][努力][努力][努力][努力][努力][努力],肯定,
23289,英雄联盟分部###今天打得很好，下一场也猛猛冲！,肯定,
23291,英雄联盟分部###咖哥我的神[团圆兔][团圆兔][团圆兔],肯定,
23297,"纵火之徒萧逸新卡《怪诞曲》向7字《》长官,你是不是抓错人了啊###萧逸档案@萧逸档案拜托宝宝！",期待,
23299,"纵火之徒萧逸新卡《怪诞曲》向7字《》长官,你是不是抓错人了啊###喜欢吃饭香香的饭饭！！[干饭人][干饭人]最后的一幕真的太戳了呜呜呜炽热又诚挚的爱",感动,
23300,"纵火之徒萧逸新卡《怪诞曲》向7字《》长官,你是不是抓错人了啊###说实话看到最后很想哭不知道为啥",感动,
23303,"纵火之徒萧逸新卡《怪诞曲》向7字《》长官,你是不是抓错人了啊###直白热烈的爱情！好感动",感动,
23309,"纵火之徒萧逸新卡《怪诞曲》向7字《》长官,你是不是抓错人了啊###写的好好[开学季]",肯定,
23315,【久哲第二局什么情况久酷第二局在思考什么久酷###但是两个笨子全然不管直播延迟,担心,
23318,【久哲第二局什么情况久酷第二局在思考什么久酷###久哲下播确实没有细节[苦涩][苦涩][苦涩],悲伤,
23319,【久哲第二局什么情况久酷第二局在思考什么久酷###这个延迟真的生气了,愤怒,
23321,【久哲第二局什么情况久酷第二局在思考什么久酷###有一次训练赛被骂了,悲伤,
23327,【久哲第二局什么情况久酷第二局在思考什么久酷###酷酷太爱啦,肯定,
23333,【久哲第二局什么情况久酷第二局在思考什么久酷###那就奖励酷酷瑶妹,警惕,
23336,中国新闻周刊2013年第43期上线###昨天直播牛头的桌面隐瞒不下去了[交税][交税],搞笑,
23339,中国新闻周刊2013年第43期上线###考试暂停我去扫,,
23345,中国新闻周刊2013年第43期上线###所以他们什么时候再开头,期待,
23349,中国新闻周刊2013年第43期上线###牛星宇不能开头的理由没啦哈哈哈[开学季],搞笑,
23351,中国新闻周刊2013年第43期上线###哈哈哈哈哈哈哈哈,高兴,
23354,中国新闻周刊2013年第43期上线###牛星宇打扫牛圈？[],惊讶,
23357,电影流浪地球2###这是在做什么,警惕,
23363,电影流浪地球2###图片评论,,
23369,电影流浪地球2###新皮肤真帅,肯定,
23372,电影流浪地球2###太好了吧,高兴,
23375,上海刚刚在风箫直播间看到凯凯了###喜欢元宵节,肯定,
23379,上海刚刚在风箫直播间看到凯凯了###哎哟特别特别特别特别特别好,感动,
23381,上海刚刚在风箫直播间看到凯凯了###元宵节就要团团圆圆我爱元宵节,肯定,
23387,上海刚刚在风箫直播间看到凯凯了###凯子我真的哭死,感动,
23389,上海刚刚在风箫直播间看到凯凯了###真好，元宵节就要团团圆圆,感动,
23390,上海刚刚在风箫直播间看到凯凯了###我的家都团圆了[苦涩],期待,
23393,上海刚刚在风箫直播间看到凯凯了###这是我今天的生日礼物,高兴,
23399,剑网3有爱同人秀###进哥儿,高兴,
23405,剑网3有爱同人秀###太帅了！！！[哇],肯定,
23408,剑网3有爱同人秀###道长好帅,高兴,
23409,剑网3有爱同人秀###进哥儿的颜值能理解某剑姬念念不忘这么多年了[开学季][开学季][开学季],肯定,
23411,剑网3有爱同人秀###美人祁进,肯定,
23417,神曲《神雕》第43期:神雕英雄传###准备好了[心动超崽],期待,
23419,神曲《神雕》第43期:神雕英雄传###准备好啦[哇],期待,
23423,神曲《神雕》第43期:神雕英雄传###准备好了,期待,
23426,神曲《神雕》第43期:神雕英雄传###准备好了,期待,
23429,神曲《神雕》第43期:神雕英雄传###专武还是二命？,警惕,
23435,时空中的绘旅人我好崩溃###玩笑不是这么开的,愤怒,
23439,时空中的绘旅人我好崩溃###玩笑不是这样开的吧？你跟她们讲过你不喜欢这样的玩笑吗？[揣手],愤怒,
23441,时空中的绘旅人我好崩溃###真的别惯着[裂开]，有问题就说，这不是开玩笑了，这就是纯粹的坏，很过分了，就是建议姐妹长点心眼，不是什么人都可以当朋友，大家也只是相处这几年，没必要说都这样了你还要包容她们，毕竟我不觉得这是可以长久的朋友【说的有点多，就是想让你有些脾气，最好是能远离就远离】,愤怒,
23444,时空中的绘旅人我好崩溃###你被校园暴力了,搞笑,
23447,时空中的绘旅人我好崩溃###朋友还这么搞，能不能换位思考一下啊[哆啦梦害怕],担心,
23449,时空中的绘旅人我好崩溃###姐妹支楞起来，严肃的和她们说不喜欢这种玩笑,愤怒,
23453,洋这波拉枪直接倒三###谁没看啊真的帅洗！,肯定,
23459,洋这波拉枪直接倒三###帅死了我焯！！！！,肯定,
23462,洋这波拉枪直接倒三###好帅[哇],肯定,
23465,洋这波拉枪直接倒三###帅呆了,肯定,
23469,洋这波拉枪直接倒三###我焯，好帅,肯定,
23471,洋这波拉枪直接倒三###太帅了,肯定,
23477,【卡维的移动城堡作者*图片###哈哈哈哈哈哈哈哈哈哈哈哈,搞笑,
23480,【卡维的移动城堡作者*图片###笑裂[笑],高兴,
23483,【卡维的移动城堡作者*图片###哈哈哈哈哈，为什么艾尔海森是前面那个，不过毫无违和感,搞笑,
23489,"未央,忆安三排一把等会五排二队正在五排###二队是哪五个呀[航天员]",期待,
23495,"未央,忆安三排一把等会五排二队正在五排###我他妈还躺床上呢怎么大家都那么健康了",悲伤,
23498,"未央,忆安三排一把等会五排二队正在五排###现在都在健康电竞了[玉兔捣药]",搞笑,
23501,"未央,忆安三排一把等会五排二队正在五排###排不到",悲伤,
23507,豆子现在发型和这个有点像唉###好帅[开学季],肯定,
23509,豆子现在发型和这个有点像唉###可爱爆炸！,肯定,
23513,豆子现在发型和这个有点像唉###啊啊啊啊,,
23516,豆子现在发型和这个有点像唉###抱图贴贴[哇],肯定,
23519,豆子现在发型和这个有点像唉###图片评论,,
23525,迷途不想细化啦突如其来脑补的一个成年赫卡蒂女鹅一定可以活过14岁[哆啦梦花心]###有种一米八即视感,搞笑,
23529,迷途不想细化啦突如其来脑补的一个成年赫卡蒂女鹅一定可以活过14岁[哆啦梦花心]###乍一看以为是女局这就是夫妻相吗,肯定,
23531,迷途不想细化啦突如其来脑补的一个成年赫卡蒂女鹅一定可以活过14岁[哆啦梦花心]###我去好绝,肯定,
23534,迷途不想细化啦突如其来脑补的一个成年赫卡蒂女鹅一定可以活过14岁[哆啦梦花心]###啊啊啊啊啊啊啊，帅死我了啊啊啊啊啊啊！！！！！,高兴,
23537,迷途不想细化啦突如其来脑补的一个成年赫卡蒂女鹅一定可以活过14岁[哆啦梦花心]###啊啊啊啊啊啊啊老公，，，，,高兴,
23539,迷途不想细化啦突如其来脑补的一个成年赫卡蒂女鹅一定可以活过14岁[哆啦梦花心]###大佬牛批！！！！,肯定,
23543,王者荣耀超话招募公告###招人能不能加一条，别按自己个人喜好心情屏别人,愤怒,
23549,王者荣耀超话招募公告###1无业2在家很闲，没事做3王者七年玩家，玩了大概15局左右，最高巅峰2200有游戏理解，现在不冲分了4可以做到公平公正，等级马上12级，目前连续签到天数140天（还没断）5我不在乎被不被骂，我不在意这个，肯定可以理智对待，不会带有私人恩怨，6有活动的话我会积极参与或评审啥的我。,,
23552,王者荣耀超话招募公告###1行政2基本全天无聊就会刷3知晓之前做过交易贴的小主持可能出现的问题都有设想4绝对宽容公正理智对待挨骂可以参加评审协助组织超话的活动512级259天6五年最高荣耀王者大小号加起来2万场左右娜娜子康康我[苦涩]我是个负责任的好女娃,期待,
23555,王者荣耀超话招募公告###居然没工资,惊讶,
23561,王者荣耀超话招募公告###你们审帖子是要审一年吗,愤怒,
23567,乙游最皮男主###艾尔每次都真的好皮好欠,厌恶,
23569,乙游最皮男主###嗯，只要是遇上艾尔的都会给气到崩了人设,肯定,
23570,乙游最皮男主###虽然他真的好皮，有点欠欠的，但是我真的好喜欢，每次我都笑到捶床好吧,搞笑,
23573,乙游最皮男主###我就说艾尔欠！他（艾尔）还不信！还说我欺负他！,愤怒,
23579,快乐王添龙###大王元宵节快乐，用这个特效还努力睁大眼睛的样子很可爱[喵喵],肯定,
23585,快乐王添龙###老板想吃鱼吗？,警惕,
23588,快乐王添龙###怎么还有猪脚面啊哈哈哈哈哈哈哈哈,高兴,
23591,快乐王添龙###龙哥啊，这个特效不是有大眼吗[]为啥还这么小,警惕,
23597,快乐王添龙###[微笑],高兴,
23603,小伙伴们元宵节快乐哦[团圆兔]###这是什么104舔一口,高兴,
23606,小伙伴们元宵节快乐哦[团圆兔]###高冷小哥羞涩猫猫[][],搞笑,
23609,小伙伴们元宵节快乐哦[团圆兔]###豆豆眼怎么这么可爱[求关注][求关注][求关注],肯定,
23615,小伙伴们元宵节快乐哦[团圆兔]###言神怎么会这么可爱呀,高兴,
23621,羽虞姬情人节限定皮肤###好开心不用买了那个60卡没买一点不亏,高兴,
23624,羽虞姬情人节限定皮肤###为什么一定要做成这个所谓符合大众审美的样子？特别是项羽。。。不允许特别另类的存在吗？,厌恶,
23627,羽虞姬情人节限定皮肤###不知道说些什么,无聊,
23633,羽虞姬情人节限定皮肤###项羽的脸好像焦恩俊啊,肯定,
23639,爱心超崽###一定没错[哇],肯定,
23642,爱心超崽###请问第一段是什么物料呀这对我来说很重要[开学季],期待,
23645,爱心超崽###我爱的没错！,肯定,
23651,爱心超崽###啊啊啊啊第一幕是什么物料[哇],高兴,
23657,爱心超崽###七七春季赛加油,期待,
23660,《宝可梦》硬件销量破亿###朱紫甚至都还没出,肯定,
23663,《宝可梦》硬件销量破亿###第三季才卖了822万机器啊，古川酱继续加油哦,期待,
23669,《宝可梦》硬件销量破亿###去年第四季度只卖800多万，气数已尽,悲伤,
23675,《宝可梦》硬件销量破亿###我一直认为第一是[笑],肯定,
23678,《板栗》里的故事###这是我熬夜应得的[喵喵][开学季],搞笑,
23679,《板栗》里的故事###永远爱生活气息,肯定,
23681,《板栗》里的故事###两个都是我爱的陆沉和栗子,高兴,
23687,《板栗》里的故事###吃兔兔咯！,高兴,
23689,《板栗》里的故事###好喜欢，大大好棒,肯定,
23693,《板栗》里的故事###[干饭人][干饭人][干饭人][干饭人]太香啦！！,高兴,
23696,"暖阳为啥只有我亮的是开黑挚友的标,不是亮闺蜜的标暖阳我我不送玫瑰###阳子独特的浪漫[彩虹屁]",肯定,
23699,"暖阳为啥只有我亮的是开黑挚友的标,不是亮闺蜜的标暖阳我我不送玫瑰###到死怎样才能和暖阳谈恋爱",期待,
23705,"暖阳为啥只有我亮的是开黑挚友的标,不是亮闺蜜的标暖阳我我不送玫瑰###真的很想和暖阳谈恋爱",期待,
23709,"暖阳为啥只有我亮的是开黑挚友的标,不是亮闺蜜的标暖阳我我不送玫瑰###懂了，阳崽和所有人都开黑[喵喵]",搞笑,
23711,"暖阳为啥只有我亮的是开黑挚友的标,不是亮闺蜜的标暖阳我我不送玫瑰###囤到999送给我",期待,
23714,"暖阳为啥只有我亮的是开黑挚友的标,不是亮闺蜜的标暖阳我我不送玫瑰###我不知道啊，我怎么变成暖阳声控了，就是好喜欢啊为什么啊，特别灵动，就是听着就是个聪明小孩",肯定,
23717,【正月十五婚礼倒计时1天异人情侣见闻录###太好看啦,肯定,
23719,【正月十五婚礼倒计时1天异人情侣见闻录###昨天怎么！没刷到呜呜太美了呜呜新婚快乐,肯定,
23723,【正月十五婚礼倒计时1天异人情侣见闻录###最美得元宵节快乐老婆！,高兴,
23729,【正月十五婚礼倒计时1天异人情侣见闻录###太美了宝宝元宵节快乐！！！,肯定,
23732,【正月十五婚礼倒计时1天异人情侣见闻录###太美了元宵节快乐！,高兴,
23735,【正月十五婚礼倒计时1天异人情侣见闻录###太美了！元宵节快乐！[哇],肯定,
23741,"钎城,生日快乐###不是前几天刚过的吗没记错的话",惊讶,
23747,"钎城,生日快乐###生日快乐（尾子同款祝福[]）",高兴,
23749,"钎城,生日快乐###生日快乐",肯定,
23750,"钎城,生日快乐###阳历生日快乐春季赛加油",期待,
23753,"钎城,生日快乐###钎宝生日快乐",高兴,
23759,大家不要玩手机上一场怎么不来月开摆了整顿媒体工作###又怎么了我的公主殿下,搞笑,
23765,大家不要玩手机上一场怎么不来月开摆了整顿媒体工作###哈哈哈哈哈,搞笑,
23768,大家不要玩手机上一场怎么不来月开摆了整顿媒体工作###哈哈哈我们小多发话了,高兴,
23771,大家不要玩手机上一场怎么不来月开摆了整顿媒体工作###上一场怎么不搞,警惕,
23777,传说对决###传说的很有质感，王者就是个粗糙的头像而已,肯定,
23779,传说对决###都是一家人,肯定,
23783,传说对决###有高清的吗[],期待,
23786,传说对决###王者要是出1这不得买爆，小王你为什么[哆啦梦害怕],搞笑,
23789,传说对决###第一个很好看,肯定,
23795,传说对决###[虎爪比心][虎爪比心],搞笑,
23799,元宵节了画了张陆吾寿宴图空桑食魂不完全收集###悄悄问问辣鸡右边是谁啊（）,,
23801,元宵节了画了张陆吾寿宴图空桑食魂不完全收集###啊好可爱都,肯定,
23807,元宵节了画了张陆吾寿宴图空桑食魂不完全收集###好厉害[开学季],肯定,
23809,元宵节了画了张陆吾寿宴图空桑食魂不完全收集###剁椒鱼头惊悚事件哈哈哈哈。,搞笑,
23813,元宵节了画了张陆吾寿宴图空桑食魂不完全收集###好可爱,高兴,
23819,任子威子威哥约好了啊###牛总人脉1,肯定,
23822,任子威子威哥约好了啊###狼队@狼队飞牛哥咱约好了啊，王者峡谷你带我，有机会去重庆你也带我[开学季],期待,
23825,任子威子威哥约好了啊###加我一个,期待,
23829,任子威子威哥约好了啊###可以带上我吗[],期待,
23831,任子威子威哥约好了啊###还有位置吗,担心,
23837,芒芒在燃###元宵节快乐[哇][哇][哇],高兴,
23839,芒芒在燃###罗思源元宵节快乐[团圆兔][团圆兔]记得吃汤圆哦,高兴,
23840,芒芒在燃###黑芝麻！[赢牛奶],高兴,
23843,芒芒在燃###向阳陷的[团圆兔][团圆兔],,
23849,芒芒在燃###元宵节快乐！,高兴,
23855,芒芒在燃###可爱[开学季],肯定,
23858,葛大爷春季赛分析汇总###装教未来几年的青训，也离不开葛大爷宝宝巴士的训练,肯定,
23861,葛大爷春季赛分析汇总###缝缝补补一年又一年,感动,
23867,葛大爷春季赛分析汇总###行天一穿三[],期待,
23869,葛大爷春季赛分析汇总###啊哈哈哈哈哈哈哈我什么时候看到对的评价能不笑啊哈哈哈哈哈哈,搞笑,
23873,葛大爷春季赛分析汇总###有没有可能全员被卡合同，转会直接退役[喵喵],担心,
23876,豆芽跑完主线一个个开蛮族任务觉得大家都好可爱###扣1埃斯蒂尼安帮你拔掉白猪的绒球[],搞笑,
23879,豆芽跑完主线一个个开蛮族任务觉得大家都好可爱###伊塞勒姐姐我真的很爱你也很喜欢莫古力但是蛮族任务,肯定,
23885,豆芽跑完主线一个个开蛮族任务觉得大家都好可爱###想白嫖的白猪,搞笑,
23891,豆芽跑完主线一个个开蛮族任务觉得大家都好可爱###求求你了大哥,悲伤,
23894,弹幕主播这件羽绒服是伴身服吗?卡机喽###穿爸爸的衣服怎么了！,搞笑,
23897,弹幕主播这件羽绒服是伴身服吗?卡机喽###别骂了别骂了下次穿着羽绒服戴围巾拿着的水杯鹅妹都要哭了[],悲伤,
23899,弹幕主播这件羽绒服是伴身服吗?卡机喽###儿子穿爸爸衣服有问题吗,搞笑,
23903,弹幕主播这件羽绒服是伴身服吗?卡机喽###求问的羽绒服到底在哪里买啊？,期待,
23909,弹幕主播这件羽绒服是伴身服吗?卡机喽###哈哈哈哈哈哈哈哈,搞笑,
23915,阿豆我刚刚进入状态箫子豆射辅之间的信任有没有###为啥没有炽阳神光,警惕,
23921,阿豆我刚刚进入状态箫子豆射辅之间的信任有没有###豆子嘎嘎秀,肯定,
23927,阿豆我刚刚进入状态箫子豆射辅之间的信任有没有###赢了豆子后面秀起来了,高兴,
23929,阿豆我刚刚进入状态箫子豆射辅之间的信任有没有###果然所有人都觊觎打野位置[],搞笑,
23930,阿豆我刚刚进入状态箫子豆射辅之间的信任有没有###哈哈哈哈哈,高兴,
23939,网易世界倒悬之下###好厉害！,肯定,
23945,网易世界倒悬之下###啊啊啊啊啊啊啊啊啊啊老婆好会做的真好看好漂亮,肯定,
23948,网易世界倒悬之下###太好听了！！！！！！,高兴,
23949,网易世界倒悬之下###老师好牛啊[哇],肯定,
23951,过年回家过年希望自己能多练一练###虎虎这采访看着都有点心疼，这孩子过去一年也很难受了，好在迷雾里也能找到方向了,担心,
23957,过年回家过年希望自己能多练一练###虎子真的成长了,肯定,
23959,过年回家过年希望自己能多练一练###他是一直有心气,肯定,
23963,过年回家过年希望自己能多练一练###真的进步好多！努力就会有回报！继续加油,肯定,
23966,过年回家过年希望自己能多练一练###努力的回报！,肯定,
23969,过年回家过年希望自己能多练一练###加油加油,肯定,
23975,紧张橘子花会开###别紧张我在[],肯定,
23979,紧张橘子花会开###别紧啦,无聊,
23981,紧张橘子花会开###别怕别怕[哇],担心,
23984,紧张橘子花会开###别怕[春游家族]姥姥们给你撑腰,肯定,
23987,紧张橘子花会开###这人最近不对劲,警惕,
23989,紧张橘子花会开###紧张撒子,无聊,
23993,奇迹暖暖3块钱的摆件###你真是缝缝补补，吃相难看[],愤怒,
23999,奇迹暖暖3块钱的摆件###飘带小车上还有一只老鼠，一毛一样,惊讶,
24002,奇迹暖暖3块钱的摆件###狗叠的骚操作又增加了,愤怒,
24005,奇迹暖暖3块钱的摆件###[哆啦梦害怕][哆啦梦害怕],担心,
24009,奇迹暖暖3块钱的摆件###还有这种事,惊讶,
24011,车祸两场车小义的精神状态已经堪忧###一键查询滴歪居精神状态,担心,
24017,车祸两场车小义的精神状态已经堪忧###就你们最能叫,愤怒,
24020,车祸两场车小义的精神状态已经堪忧###一键查询精神状态,担心,
24023,车祸两场车小义的精神状态已经堪忧###查询汪小义精神状态,担心,
24029,车祸两场车小义的精神状态已经堪忧###由此可见钎宝的嗓子离鹌鹑不远了[][][][][][],搞笑,
24035,希望天堂没有生息演算###太太评价一下这个模式？我到现在还在建基建，没打结局,警惕,
24038,希望天堂没有生息演算###一次都没碰呢，不准备坐牢了,高兴,
24039,希望天堂没有生息演算###还没打出结局的朋友可以推荐看看站泥萌都是托，有几个地图可以靠摆箱子让跳坑，并且是三结局通用（没有投石车甚至箱子会要求更低），我是靠刷进攻在对应地图跳坑达成的三结局（大概每个结局平均开了三把刷路线）,肯定,
24041,希望天堂没有生息演算###虽然我知道这个模式是越打越爽也知道能玩出很多花样但我把章全拿了以后是死也没再打开它了[苦涩],悲伤,
24047,希望天堂没有生息演算###看一个个都在艰难的打生稀盐酸，我都不敢碰,担心,
24049,希望天堂没有生息演算###我至今还在体验被冲家的崩溃感[苦涩][苦涩]这模式我真的玩不来,悲伤,
24053,亦山心之月盲猜暮色身份###感觉没跑了看名字跟昭阳是配的而且元宵猜灯谜算不算了昭阳呢,期待,
24056,亦山心之月盲猜暮色身份###我信了[],肯定,
24059,亦山心之月盲猜暮色身份###信了信了真的希望哥哥复活[苦涩],期待,
24065,亦山心之月盲猜暮色身份###大的多得多的多我以为是啥老祖宗[笑][笑],高兴,
24069,亦山心之月盲猜暮色身份###先码住很有道理[开学季],期待,
24071,《星星》正版授权系列外观即将上线###很难不爱赵灵儿,肯定,
24074,《星星》正版授权系列外观即将上线###遥灵携手一起吃鸡[送花花],高兴,
24077,《星星》正版授权系列外观即将上线###下一次就是和王者荣耀了吧！王者荣耀@王者荣耀腾讯游戏@腾讯游戏,期待,
24079,《星星》正版授权系列外观即将上线###[哆啦梦吃惊][哆啦梦吃惊][哆啦梦吃惊][哆啦梦吃惊],期待,
24083,《星星》正版授权系列外观即将上线###赵灵儿姥姥，这玩意比仙术好用,搞笑,
24089,《星星》正版授权系列外观即将上线###虽然但是我选王者荣耀那种联动,肯定,
24092,尾子巅峰赛破防抢阿豆的手机然后噶了之后扔下手机就走###又去抢小土豆的了哈哈哈哈哈哈太好笑了,搞笑,
24095,尾子巅峰赛破防抢阿豆的手机然后噶了之后扔下手机就走###韭菜，挨打的时候，可没人护着你[熊猫],愤怒,
24099,尾子巅峰赛破防抢阿豆的手机然后噶了之后扔下手机就走###抢完豆子的又去抢康康的哈哈哈哈哈哈,搞笑,
24101,尾子巅峰赛破防抢阿豆的手机然后噶了之后扔下手机就走###说好一人一条命哈哈哈哈豆看到有优势了就想把手机拿回来然后尾说一条命呢这两个真是可爱发财了,高兴,
24107,尾子巅峰赛破防抢阿豆的手机然后噶了之后扔下手机就走###你小子真的好不了一点[老师好],愤怒,
24110,尾子巅峰赛破防抢阿豆的手机然后噶了之后扔下手机就走###就是我们豆子脾气好呗,愤怒,
24113,沉哆啦梦的口袋###请问亲爱的口袋袋，能不能收录一下语音前的选项呀，爱你爱你（不能也没有关系）,期待,
24119,沉哆啦梦的口袋###陆宝元宵节快乐,高兴,
24125,沉哆啦梦的口袋###陆哥元宵节快乐[哇][哇],肯定,
24128,《少年时代》第43集:创作官篇###就我一个人看到姿态的瑞兹被吸血鬼吊打吗？[笑][笑][笑],搞笑,
24131,《少年时代》第43集:创作官篇###太怀念那一年了,感动,
24137,《少年时代》第43集:创作官篇###凯南退役也和他有关。拉夫这话张嘴就来,悲伤,
24143,《少年时代》第43集:创作官篇###没毛病。,肯定,
24146,《少年时代》第43集:创作官篇###牛宝的上单风格我很喜欢，比起锋芒毕露的，他能从容的转换队伍角色，无论是选出山羊为三叔秀妹开道，还是杰斯卢锡安单线爆破，亦或是凯南吸血鬼稳健运营团战制敌，在个人发挥上显有失误，无论对手强硬与否都能铸造出无懈可击的矛与盾。11来到小凤凰组银河战舰，小组赛折戟是我永远的遗憾,悲伤,
24149,七之连年!元宵节快乐!###也祝你元宵节快乐，黑芝麻永远的神[团圆兔],肯定,
24155,七之连年!元宵节快乐!###好巧俺也是[干饭人],高兴,
24161,七之连年!元宵节快乐!###花生过敏[报税]喜欢黑芝麻,肯定,
24164,七之连年!元宵节快乐!###我跟你一样嘿嘿,高兴,
24167,时空中的绘旅人###啊啊啊啊啊美死我了,肯定,
24169,时空中的绘旅人###啊啊啊啊啊啊第一视觉美晕我了。,肯定,
24173,时空中的绘旅人###啊啊啊啊啊啊啊冲！！！,肯定,
24179,时空中的绘旅人###呜呜呜呜呜我好喜欢这种！！！！！,肯定,
24182,时空中的绘旅人###好耶啊啊啊啊这次好美,肯定,
24185,时空中的绘旅人###我不行了好好看啊啊啊啊爹咪,肯定,
24189,兽耳娘可能打人会很痛哦!!###我喜欢我喜欢,肯定,
24191,兽耳娘可能打人会很痛哦!!###诶！好可爱,肯定,
24197,兽耳娘可能打人会很痛哦!!###好米好米,肯定,
24199,兽耳娘可能打人会很痛哦!!###可爱可爱,肯定,
24200,兽耳娘可能打人会很痛哦!!###圆脸砂糖，可爱捏,肯定,
24203,兽耳娘可能打人会很痛哦!!###卡哇！,肯定,
24209,关于英雄联盟的事情都不太想做###自由健康辛福就好,无所谓,
24215,关于英雄联盟的事情都不太想做###挺想见到赛场上的牛宝，但尊重他的想法，希望牛宝现生快乐，去做任何自己想做的事吧,期待,
24218,关于英雄联盟的事情都不太想做###只要开心就好，未来的日子还长呢,期待,
24219,关于英雄联盟的事情都不太想做###那就祝你健康快乐,,
24221,"线下观赛,一起来聊聊吧[送花花]###去不成的不能开通退票吗？给想去的人一个机会",期待,
24227,"线下观赛,一起来聊聊吧[送花花]###我说一个点成都第二轮门票什么时候放票，第一轮没抢到要疯了。还有888福利吗，真的想要[]",期待,
24229,"线下观赛,一起来聊聊吧[送花花]###没去过，来广州，马上去",期待,
24233,"线下观赛,一起来聊聊吧[送花花]###能不能开退票通道啊！[微笑]",期待,
24236,"线下观赛,一起来聊聊吧[送花花]###那个时候票很好抢",期待,
24239,"线下观赛,一起来聊聊吧[送花花]###21年真的巨好抢票",期待,
24245,观点·Airbnb奇屋可居###不开心？给大家听多兰唱歌土狗赛帮皮鼓拿开咋个技能那几吗那把球里阔肌呀大白鹭吉卡过呀胖给没给亚罗过戳卡了你急哪你呀酷咯秋咋不能哟多？互,愤怒,
24249,观点·Airbnb奇屋可居###一天没听我真的就浑身难受[开学季],肯定,
24251,观点·Airbnb奇屋可居###最佳幕间,肯定,
24254,观点·Airbnb奇屋可居###让我看看谁还没有成为多兰的歌迷[开学季],期待,
24257,观点·Airbnb奇屋可居###全是感情[开学季],搞笑,
24259,藏风司岚###刚刚有点问题又重发了一下,,
24263,藏风司岚###美丽炸了[苦涩][苦涩][苦涩][苦涩][苦涩],肯定,
24269,藏风司岚###呜呜呜，司岚好帅,肯定,
24272,藏风司岚###么么么么宝贝岚岚我亲死,肯定,
24275,藏风司岚###大麻花,,
24279,鹅团建户外滑雪###方便紧急手刹，小太阳大概是不想脸刹[][],搞笑,
24281,鹅团建户外滑雪###哈哈哈哈哈哈哈哈哈,高兴,
24287,鹅团建户外滑雪###他连小乌龟都不戴！,搞笑,
24289,鹅团建户外滑雪###滑雪实现啦[666][666][666],高兴,
24290,鹅团建户外滑雪###小太阳朱思远,肯定,
24293,鹅团建户外滑雪###哈哈哈哈哈哈哈哈哈哈哈哈哈哈,搞笑,
24299,重生之我是6超玩会破灭了未央和忆安的直播间卡到不能动了###弹幕老师成都超完蛋,愤怒,
24305,重生之我是6超玩会破灭了未央和忆安的直播间卡到不能动了###在调试了可能刚刚都连一个网了，新来的弟弟那不卡现在他们那也好啦,警惕,
24308,重生之我是6超玩会破灭了未央和忆安的直播间卡到不能动了###感觉是刚来，网还没调好。大家的网络处于两个极端，不卡的很顺畅，卡的特别卡,担心,
24309,重生之我是6超玩会破灭了未央和忆安的直播间卡到不能动了###说好的回成都变6呢小宝都已经开始这不是我要的结果了,愤怒,
24311,重生之我是6超玩会破灭了未央和忆安的直播间卡到不能动了###说好的重生之我们是6超玩会呢[笑],搞笑,
24317,重生之我是6超玩会破灭了未央和忆安的直播间卡到不能动了###体验卡到期了,搞笑,
24319,刷剧还是看书?齐司礼和他一起刷剧###是这样经常只有我一人傻笑，已经笑的胃疼了，然后小齐只会觉得看某只笨鸟笑成这样是蛮好笑的。居刂追久了会饿，笨蛋狐狐要给我做好吃的咯[耶],高兴,
24323,刷剧还是看书?齐司礼和他一起刷剧###啊啊啊啊劳斯好会写这种满满的生活气息,感动,
24326,刷剧还是看书?齐司礼和他一起刷剧###好，下辈子投胎剧本你给我写，就按这样写[],搞笑,
24329,刷剧还是看书?齐司礼和他一起刷剧###啊啊啊啊别管我了,高兴,
24335,刷剧还是看书?齐司礼和他一起刷剧###好喜欢温馨日常,高兴,
24339,"【王者峡谷里带七的数不清,都和无畏有关吗?###咋了，不是一笙谈恋爱了吗，怎么跟无畏扯上关系了（只是单纯想问下）",,
24344,"【王者峡谷里带七的数不清,都和无畏有关吗?###造谣是因为自己总淋雨有阴影嘛",厌恶,
24349,"【王者峡谷里带七的数不清,都和无畏有关吗?###酒库粉你们怕不怕又来个床照[笑][笑]",搞笑,
24353,"【王者峡谷里带七的数不清,都和无畏有关吗?###队友也太我们七了，有时间不如催催你家心肝练练英雄",愤怒,
24359,彩彩漫天5烟花卡片###小提怎么一个人[兔子]我来陪你,期待,
24362,彩彩漫天5烟花卡片###[赢牛奶],高兴,
24365,彩彩漫天5烟花卡片###差一张骑士团,期待,
24369,彩彩漫天5烟花卡片###为了抽没保存，现在转角遇到爱,高兴,
24371,彩彩漫天5烟花卡片###谢谢你[哇][哇][哇],感动,
24377,"告别生活一年多的地方,南京不想再安逸,想时刻保持激情!下一站成都回!!###小丑，把幼稚当热血，别嚯嚯了。",厌恶,
24379,"告别生活一年多的地方,南京不想再安逸,想时刻保持激情!下一站成都回!!###有没有一种可能他一直在呢[老师好]",,
24380,"告别生活一年多的地方,南京不想再安逸,想时刻保持激情!下一站成都回!!###早猜到他会回来，因为了解他就知道胱真的永远热血",肯定,
24383,"告别生活一年多的地方,南京不想再安逸,想时刻保持激情!下一站成都回!!###就是这几个人翻来覆去。",无聊,
24389,"告别生活一年多的地方,南京不想再安逸,想时刻保持激情!下一站成都回!!###月光呀闪爆他们，七进七出，反复横跳。",愤怒,
24395,原神玩那些梗(动漫篇)###还有八重神子的传说任务旅行者的奇妙冒险[],惊讶,
24398,原神玩那些梗(动漫篇)###还有天地万象里面有一个成就叫海洋生物学者欧拉！被五香水幻化的某种生物击中（来源承太郎,高兴,
24399,原神玩那些梗(动漫篇)###我打无相水还触发过海洋生物学者欧拉双厨狂喜[笑][笑][笑],高兴,
24401,原神玩那些梗(动漫篇)###懂了，不看猎人,警惕,
24407,原神玩那些梗(动漫篇)###游戏梗肯定有尼尔机械纪元[],肯定,
24409,原神玩那些梗(动漫篇)###占了好几个[],肯定,
24413,霍格沃茨之遗:精致的魔法罐头###谢谢你拔草动力[收到],感动,
24419,霍格沃茨之遗:精致的魔法罐头###省流上课和宿舍还原度还不如网易的手游，罐头味堪比刺客信条,厌恶,
24425,霍格沃茨之遗:精致的魔法罐头###值得买，买了亏[],担心,
24429,霍格沃茨之遗:精致的魔法罐头###劝退了,厌恶,
24431,霍格沃茨之遗:精致的魔法罐头###还好没预购,无聊,
24434,中国新闻周刊2013年第43期上线###星痕是锁中路了吗,惊讶,
24437,中国新闻周刊2013年第43期上线###还得是南京队[],肯定,
24439,中国新闻周刊2013年第43期上线###打码的是清华弟弟的何时才能开口吧[][],,
24443,中国新闻周刊2013年第43期上线###打码的应该是誓约还没成年,担心,
24449,中国新闻周刊2013年第43期上线###还得是你们,肯定,
24452,中国新闻周刊2013年第43期上线###很神秘[],期待,
24455,加电竞王者荣耀###丑陋了这波[],警惕,
24459,加电竞王者荣耀###上中野,,
24461,加电竞王者荣耀###笑死我了哈哈哈哈,搞笑,
24467,加电竞王者荣耀###上中野,,
24469,加电竞王者荣耀###笑发财了,搞笑,
24470,"【竞人的巅峰赛可以是任何人,除了自己小致在乔帮主直播间抓到了我是钎城的江城###钎城，名字一个字都没错，棒啊",高兴,
24479,"【竞人的巅峰赛可以是任何人,除了自己小致在乔帮主直播间抓到了我是钎城的江城###我是清融，我是九尾",搞笑,
24485,"【竞人的巅峰赛可以是任何人,除了自己小致在乔帮主直播间抓到了我是钎城的江城###我们小城是这样可爱的",肯定,
24488,"【竞人的巅峰赛可以是任何人,除了自己小致在乔帮主直播间抓到了我是钎城的江城###哈哈哈哈哈反正都不是本人就对了",搞笑,
24489,"【竞人的巅峰赛可以是任何人,除了自己小致在乔帮主直播间抓到了我是钎城的江城###我是清融的九尾，我是九尾的清融[举手][举手]",高兴,
24491,【正式服更新公告###放生宠物还我箱子！放生宠物还我箱子！放生宠物还我箱子！放生宠物还我箱子！放生宠物还我箱子！放生宠物还我箱子！放生宠物还我箱子！放生宠物还我箱子！放生宠物还我箱子！放生宠物还我箱子！放生宠物还我箱子！放生宠物还我箱子！,,
24497,【正式服更新公告###返还之前探险中丢失的物品,肯定,
24499,【正式服更新公告###宠物词条平衡调节！增强现有各类（人类野性之外）词条！宠物词条平衡调节！增强现有各类（人类野性之外）词条！宠物词条平衡调节！增强现有各类（人类野性之外）词条！宠物词条平衡调节！增强现有各类（人类野性之外）词条！宠物词条平衡调节！增强现有各类（人类野性之外）词条！,,
24503,【正式服更新公告###金人类野性保底！金人类野性保底！金人类野性保底！金人类野性保底！金人类野性保底！金人类野性保底！金人类野性保底！金人类野性保底！金人类野性保底！金人类野性保底！金人类野性保底！金人类野性保底！金人类野性保底！金人类野性保底！金人类野性保底！金人类野性保底！金人类野性保底！,,
24506,【正式服更新公告###情人节就没点新东西吗，你好拉哦,厌恶,
24509,【正式服更新公告###你要不要算算打一次致命爬楼要多久，失败一次直接得重开，打上去甚至蓝紫宠物，抓金色宠物吃四个保底一抓全紫词条，好不容易金词条不是人类野性照样底层被嫌弃，然后每天打每天是白工，你要玩家祝你游戏里面吗,愤怒,
